76|2019|Clint Eastwood|Warner Bros.|B|https://www.afi.com/press/world-premiere-of-clint-eastwoods-richard-jewell-to-bow-at-afi-fest-2019-presented-by-audi/|Um segurança que encontra uma bomba em Atlanta passa de herói a suspeito do FBI e contrata um advogado enquanto sofre exposição pela imprensa.|investigação;reputação;defesa
77|2010|Larysa Kondracki|Samuel Goldwyn Films|A|https://www.samuelgoldwynfilms.com/the-whistleblower/|Uma policial norte-americana trabalha em missão de paz na Bósnia e descobre corrupção e encobrimentos envolvendo agentes privados e diplomáticos.|corrupção;missões de paz
78|2023|Jonathan Glazer|A24|A|https://a24films.com/films/the-zone-of-interest|O comandante de Auschwitz e sua esposa organizam a vida familiar em uma casa ao lado do campo.|genocídio;memória
79|2023|Agnieszka Holland|Metro Films|B|https://www.labiennale.org/en/cinema/2023/venezia-80-competition/zielona-granica-green-border|Refugiados que tentam alcançar a União Europeia ficam presos na fronteira entre Belarus e Polônia; suas trajetórias se cruzam com uma ativista e um guarda.|refúgio;fronteiras
80|2024|Walter Salles|Sony Pictures|B|https://www.labiennale.org/en/cinema/2024/venezia-81-competition/ainda-estou-aqui-i%E2%80%99m-still-here|Eunice Paiva busca a verdade sobre o destino do marido enquanto reorganiza a vida dos filhos após sua retirada por agentes da ditadura.|desaparecimento;família;memória
81|2022|Lázaro Ramos|Globo Filmes|A|https://gshow.globo.com/cultura-pop/filmes/globo-filmes/generos/drama/medida-provisoria.ghtml|Em um futuro distópico, o governo impõe a migração de cidadãos negros para a África e separa famílias.|discriminação;migração forçada
82|2021|Alexandre Moratto|Netflix;O2 Filmes|A|https://about.netflix.com/pt_br/news/7-prisoners-new-netflix-film-makes-its-world-premiere-at-the-78th-venice|Mateus aceita trabalho em um ferro-velho de São Paulo e se torna vítima de exploração descrita pela produção como trabalho análogo à escravidão.|trabalho;exploração
83|2019|Renato Barbieri|?|B|https://www.festivaldorio.com.br/br/edicoes-anteriores/2019/filmes/pureza|Ao procurar o filho e trabalhar em uma fazenda, Pureza presencia tratamento brutal de trabalhadores e desmatamento.|trabalho;meio ambiente
84|2003|Héctor Babenco|Sony Pictures Classics|B|https://www.festival-cannes.com/en/f/carandiru/|Um médico atende presos na Casa de Detenção de São Paulo; as histórias narradas culminam na representação do massacre de 1992.|prisão;saúde;violência estatal
85|1980|Héctor Babenco|Criterion Collection|A|https://www.criterion.com/films/30307-pixote|Um menino foge de uma instituição de detenção juvenil e passa a sobreviver nas ruas em meio à criminalidade.|infância;internação;vulnerabilidade
86|2015|Anna Muylaert|Globo Filmes|A|https://gshow.globo.com/google/amp/cultura-pop/filmes/globo-filmes/generos/drama/quehoraselavolta.ghtml|Val trabalha como babá em São Paulo após deixar a filha em Pernambuco; a chegada da jovem transforma sua relação com a casa dos empregadores.|trabalho doméstico;família;desigualdade
87|2012|Kleber Mendonça Filho|Vitrine Filmes|B|https://www.festivaldorio.com.br/br/edicoes-anteriores/2013/filmes/o-som-ao-redor|A chegada de um grupo que oferece segurança privada muda a rotina de uma rua de classe média no Recife.|segurança privada;propriedade
88|2007|José Padilha|?|C|https://www.adorocinema.com/filmes/filme-133548/|A narrativa acompanha agentes do BOPE em operações policiais e conflitos ligados à segurança pública no Rio de Janeiro.|polícia;violência
89|2010|José Padilha|Globo Filmes|A|https://gshow.globo.com/cultura-pop/filmes/globo-filmes/generos/acao/tropadeelite2.ghtml|Nascimento passa à inteligência de segurança e enfrenta interesses de policiais e políticos corruptos beneficiados pelas ações contra o tráfico.|corrupção;administração pública;segurança
90|2006|Helvécio Ratton|Quimera Filmes|A|https://quimerafilmes.com.br/filme/batismo-de-sangue/|Frades dominicanos participam da resistência clandestina à ditadura militar brasileira, em adaptação do relato de Frei Betto.|resistência política;memória
91|2015|Vince Gilligan;Peter Gould|AMC;Sony Pictures Television|A|https://ce.amc.com/series/better-call-saul|A série acompanha a transformação profissional de Jimmy McGill no advogado Saul Goodman antes de sua atuação com Walter White.|advocacia;ética profissional
92|2002|David Simon|HBO|C|https://br.justwatch.com/br/serie/a-escuta|The Wire corresponde à série A Escuta, já cadastrada em 2002 no catálogo existente.|polícia
93|2009|Robert King;Michelle King|CBS|A|https://paramountglobalcontent.com/title/good-wife-the|Alicia Florrick retoma a carreira em um escritório de advocacia após a prisão do marido envolvido em escândalo político.|advocacia;trabalho;família
94|2017|Robert King;Michelle King;Phil Alden Robinson|CBS Studios|A|https://paramountglobalcontent.com/title/good-fight-the|Uma fraude financeira destrói as economias de Diane e a reputação de Maia; ambas passam a trabalhar em outro escritório.|fraude;advocacia;responsabilidade
95|2020|Hank Steinberg|Sony Pictures Television;ABC Studios|A|https://www.sonypictures.com/tv/forlife|Um preso se torna advogado, representa outros internos e tenta reverter sua própria condenação por crime que não cometeu.|defesa;erro judiciário;prisão
96|2019|Susannah Grant;Ayelet Waldman;Michael Chabon|Netflix;CBS Television Studios|A|https://media.netflix.com/en/only-on-netflix/80153467|Uma jovem que denuncia violência sexual é desacreditada; duas detetives investigam relatos semelhantes para identificar um agressor serial.|investigação;violência sexual;prova
97|2021|Molly Smith Metzler|Netflix|A|https://media.netflix.com/en/only-on-netflix/81166770|Alex trabalha na limpeza de casas para sustentar a filha após sair de uma relação abusiva e enfrentar falta de moradia.|trabalho;moradia;violência doméstica
98|2021|Danny Strong|Hulu|A|https://press.hulu.com/shows/dopesick/|A série dramatiza a crise de opioides por meio de uma empresa farmacêutica, uma comunidade mineira e investigações de agentes públicos.|saúde;regulação;consumo
99|2016|Steven Zaillian;Richard Price|HBO|A|https://www.hbomaxlapress.com/programming/mini-series/229|Um universitário de origem paquistanesa é preso por homicídio após uma saída noturna em Nova York.|investigação;prisão;defesa
100|2020|Peter Moffat|Showtime|A|https://www.paramountplus.com/shows/your-honor/|Um juiz de Nova Orleans enfrenta conflito pessoal quando o filho se envolve em um atropelamento ligado a uma família do crime organizado.|imparcialidade;família;responsabilidade
