ARTICLE,TARGET_ID,TARGET_SHORT,TARGET_KIND,REFERENCE_ID,TITLE,MEDIA_TYPE,YEAR,SCORE,VISIBILITY,CURRENT_STATUS,ROUTES,LINK_REFERENCE_ID
Art. 1,CF88:ART.1:INC.III,CF88.1.III,INCISO,REF-LIV-0007,Ensaio sobre a Cegueira,LIVRO,1995,9.2,CURRENT_VISIBLE,ACTIVE,1,WORK_REFERENCE:REF-LIV-0007@CF88:ART.1:INC.III
Art. 1,CF88:ART.1:INC.III,CF88.1.III,INCISO,EXP-FIL-006,"Eu, Daniel Blake",FILME,2016,6.2,CURRENT_VISIBLE,ACTIVE,1,WORK_REFERENCE:EXP-FIL-006@CF88:ART.1:INC.III
Art. 1,CF88:ART.1:INC.III,CF88.1.III,INCISO,REF-DOC-0004,Ilha das Flores,DOCUMENTÁRIO,1989,9.2,CURRENT_VISIBLE,ACTIVE,1,WORK_REFERENCE:REF-DOC-0004@CF88:ART.1:INC.III
Art. 1,CF88:ART.1:INC.III,CF88.1.III,INCISO,REF-LIV-0004,Quarto de Despejo,LIVRO,1960,9.2,CURRENT_VISIBLE,ACTIVE,1,WORK_REFERENCE:REF-LIV-0004@CF88:ART.1:INC.III
Art. 1,CF88:ART.1:INC.III,CF88.1.III,INCISO,REF-SER-0002,The Handmaid's Tale,SÉRIE,2017,8.8,CURRENT_VISIBLE,ACTIVE,1,WORK_REFERENCE:REF-SER-0002@CF88:ART.1:INC.III
Art. 1,CF88:ART.1:INC.III,CF88.1.III,INCISO,REF-JOG-0002,This War of Mine,JOGO,2014,7.6,CURRENT_VISIBLE,ACTIVE,1,WORK_REFERENCE:REF-JOG-0002@CF88:ART.1:INC.III
Art. 1,CF88:ART.1:PAR.UNICO,CF88.1.UNICO,PARAGRAFO_UNICO,REF-FIL-0005,Selma,FILME,2014,,CURRENT_VISIBLE,ACTIVE,1,WORK_REFERENCE:REF-FIL-0005@CF88:ART.1:PAR.UNICO
Art. 2,CF88:ART.2:CAPUT,CF88.2.CAPUT,CAPUT,EXP-LIV-006,O Federalista,LIVRO,1788,,CURRENT_VISIBLE,ACTIVE,1,WORK_REFERENCE:EXP-LIV-006@CF88:ART.2:CAPUT
Art. 3,CF88:ART.3:INC.III,CF88.3.III,INCISO,EXP-DOC-002,Capital no Século XXI,DOCUMENTÁRIO,2019,5.8,CURRENT_VISIBLE,ACTIVE,1,WORK_REFERENCE:EXP-DOC-002@CF88:ART.3:INC.III
Art. 3,CF88:ART.3:INC.III,CF88.3.III,INCISO,EXP-DOC-003,Desigualdade para Todos,DOCUMENTÁRIO,2013,5.8,CURRENT_VISIBLE,ACTIVE,1,WORK_REFERENCE:EXP-DOC-003@CF88:ART.3:INC.III
Art. 3,CF88:ART.3:INC.III,CF88.3.III,INCISO,EXP-FIL-006,"Eu, Daniel Blake",FILME,2016,6.6,CURRENT_VISIBLE,ACTIVE,1,WORK_REFERENCE:EXP-FIL-006@CF88:ART.3:INC.III
Art. 3,CF88:ART.3:INC.III,CF88.3.III,INCISO,REF-DOC-0004,Ilha das Flores,DOCUMENTÁRIO,1989,7.8,CURRENT_VISIBLE,ACTIVE,1,WORK_REFERENCE:REF-DOC-0004@CF88:ART.3:INC.III
Art. 3,CF88:ART.3:INC.III,CF88.3.III,INCISO,EXP-LIV-009,O Triunfo da Injustiça,LIVRO,2019,,CURRENT_VISIBLE,ACTIVE,1,WORK_REFERENCE:EXP-LIV-009@CF88:ART.3:INC.III
Art. 3,CF88:ART.3:INC.III,CF88.3.III,INCISO,REF-LIV-0004,Quarto de Despejo,LIVRO,1960,8.3,CURRENT_VISIBLE,ACTIVE,1,WORK_REFERENCE:REF-LIV-0004@CF88:ART.3:INC.III
Art. 3,CF88:ART.3:INC.IV,CF88.3.IV,INCISO,REF-DOC-0002,A 13ª Emenda,DOCUMENTÁRIO,2016,8.8,CURRENT_VISIBLE,ACTIVE,1,WORK_REFERENCE:REF-DOC-0002@CF88:ART.3:INC.IV
Art. 3,CF88:ART.3:INC.IV,CF88.3.IV,INCISO,EXP-LIV-008,A Cor da Lei,LIVRO,2017,,CURRENT_VISIBLE,ACTIVE,1,WORK_REFERENCE:EXP-LIV-008@CF88:ART.3:INC.IV
Art. 3,CF88:ART.3:INC.IV,CF88.3.IV,INCISO,REF-LIV-0006,A Revolução dos Bichos,LIVRO,1945,8.6,CURRENT_VISIBLE,ACTIVE,1,WORK_REFERENCE:REF-LIV-0006@CF88:ART.3:INC.IV
Art. 3,CF88:ART.3:INC.IV,CF88.3.IV,INCISO,EXP-DOC-009,AmarElo — É Tudo Pra Ontem,DOCUMENTÁRIO,2020,8.4,CURRENT_VISIBLE,ACTIVE,1,WORK_REFERENCE:EXP-DOC-009@CF88:ART.3:INC.IV
Art. 3,CF88:ART.3:INC.IV,CF88.3.IV,INCISO,EXP-LIV-010,Borderlands/La Frontera: The New Mestiza,LIVRO,1987,8.0,CURRENT_VISIBLE,ACTIVE,1,WORK_REFERENCE:EXP-LIV-010@CF88:ART.3:INC.IV
Art. 3,CF88:ART.3:INC.IV,CF88.3.IV,INCISO,REF-LIV-0003,O Sol É para Todos,LIVRO,1960,8.9,CURRENT_VISIBLE,ACTIVE,1,WORK_REFERENCE:REF-LIV-0003@CF88:ART.3:INC.IV
Art. 3,CF88:ART.3:INC.IV,CF88.3.IV,INCISO,EXP-SER-007,Pachinko,SÉRIE,2022,8.0,CURRENT_VISIBLE,ACTIVE,1,WORK_REFERENCE:EXP-SER-007@CF88:ART.3:INC.IV
Art. 3,CF88:ART.3:INC.IV,CF88.3.IV,INCISO,EXP-SER-006,Show Me a Hero,SÉRIE,2015,,CURRENT_VISIBLE,ACTIVE,1,WORK_REFERENCE:EXP-SER-006@CF88:ART.3:INC.IV
Art. 4,CF88:ART.4:INC.VIII,CF88.4.VIII,INCISO,REF-DOC-0002,A 13ª Emenda,DOCUMENTÁRIO,2016,8.8,CURRENT_VISIBLE,ACTIVE,1,WORK_REFERENCE:REF-DOC-0002@CF88:ART.4:INC.VIII
Art. 4,CF88:ART.4:INC.VIII,CF88.4.VIII,INCISO,EXP-LIV-008,A Cor da Lei,LIVRO,2017,,CURRENT_VISIBLE,ACTIVE,1,WORK_REFERENCE:EXP-LIV-008@CF88:ART.4:INC.VIII
Art. 4,CF88:ART.4:INC.VIII,CF88.4.VIII,INCISO,EXP-DOC-009,AmarElo — É Tudo Pra Ontem,DOCUMENTÁRIO,2020,8.4,CURRENT_VISIBLE,ACTIVE,1,WORK_REFERENCE:EXP-DOC-009@CF88:ART.4:INC.VIII
Art. 4,CF88:ART.4:INC.VIII,CF88.4.VIII,INCISO,EXP-LIV-010,Borderlands/La Frontera: The New Mestiza,LIVRO,1987,8.0,CURRENT_VISIBLE,ACTIVE,1,WORK_REFERENCE:EXP-LIV-010@CF88:ART.4:INC.VIII
Art. 4,CF88:ART.4:INC.VIII,CF88.4.VIII,INCISO,REF-LIV-0003,O Sol É para Todos,LIVRO,1960,8.9,CURRENT_VISIBLE,ACTIVE,1,WORK_REFERENCE:REF-LIV-0003@CF88:ART.4:INC.VIII
Art. 4,CF88:ART.4:INC.VIII,CF88.4.VIII,INCISO,EXP-SER-006,Show Me a Hero,SÉRIE,2015,,CURRENT_VISIBLE,ACTIVE,1,WORK_REFERENCE:EXP-SER-006@CF88:ART.4:INC.VIII
Art. 5,CF88:ART.5:CAPUT,CF88.5.CAPUT,CAPUT,REF-LIV-0006,A Revolução dos Bichos,LIVRO,1945,5.7,CURRENT_VISIBLE,ACTIVE,1,WORK_REFERENCE:REF-LIV-0006@CF88:ART.5:CAPUT
Art. 5,CF88:ART.5:CAPUT,CF88.5.CAPUT,CAPUT,REF-FIL-0004,Filadélfia,FILME,1993,,CURRENT_VISIBLE,ACTIVE,1,WORK_REFERENCE:REF-FIL-0004@CF88:ART.5:CAPUT
Art. 5,CF88:ART.5:INC.I,CF88.5.I,INCISO,REF-SER-0002,The Handmaid's Tale,SÉRIE,2017,9.2,CURRENT_VISIBLE,ACTIVE,1,WORK_REFERENCE:REF-SER-0002@CF88:ART.5:INC.I
Art. 5,CF88:ART.5:INC.III,CF88.5.III,INCISO,REF-LIV-0005,Vigiar e Punir,LIVRO,1975,7.9,CURRENT_VISIBLE,ACTIVE,1,WORK_REFERENCE:REF-LIV-0005@CF88:ART.5:INC.III
Art. 5,CF88:ART.5:INC.IV,CF88.5.IV,INCISO,REF-LIV-0001,1984,LIVRO,1949,7.8,CURRENT_VISIBLE,ACTIVE,1,WORK_REFERENCE:REF-LIV-0001@CF88:ART.5:INC.IV
Art. 5,CF88:ART.5:INC.IV,CF88.5.IV,INCISO,REF-FIL-0006,The Post: A Guerra Secreta,FILME,2017,8.5,CURRENT_VISIBLE,ACTIVE,1,WORK_REFERENCE:REF-FIL-0006@CF88:ART.5:INC.IV
Art. 5,CF88:ART.5:INC.IV,CF88.5.IV,INCISO,REF-FIL-0002,V de Vingança,FILME,2005,8.7,CURRENT_VISIBLE,ACTIVE,1,WORK_REFERENCE:REF-FIL-0002@CF88:ART.5:INC.IV
Art. 5,CF88:ART.5:INC.VI,CF88.5.VI,INCISO,EXP-FIL-009,Timbuktu,FILME,2014,8.8,CURRENT_VISIBLE,ACTIVE,1,WORK_REFERENCE:EXP-FIL-009@CF88:ART.5:INC.VI
Art. 5,CF88:ART.5:INC.VIII,CF88.5.VIII,INCISO,EXP-FIL-009,Timbuktu,FILME,2014,9.0,CURRENT_VISIBLE,ACTIVE,1,WORK_REFERENCE:EXP-FIL-009@CF88:ART.5:INC.VIII
Art. 5,CF88:ART.5:INC.IX,CF88.5.IX,INCISO,REF-LIV-0001,1984,LIVRO,1949,8.3,CURRENT_VISIBLE,ACTIVE,1,WORK_REFERENCE:REF-LIV-0001@CF88:ART.5:INC.IX
Art. 5,CF88:ART.5:INC.IX,CF88.5.IX,INCISO,REF-FIL-0006,The Post: A Guerra Secreta,FILME,2017,9.2,CURRENT_VISIBLE,ACTIVE,2,WORK_REFERENCE:REF-FIL-0006@CF88:ART.5:INC.IX
Art. 5,CF88:ART.5:INC.X,CF88.5.X,INCISO,REF-LIV-0001,1984,LIVRO,1949,9.1,CURRENT_VISIBLE,ACTIVE,1,WORK_REFERENCE:REF-LIV-0001@CF88:ART.5:INC.X
Art. 5,CF88:ART.5:INC.X,CF88.5.X,INCISO,REF-FIL-0003,A Vida dos Outros,FILME,2006,9.1,CURRENT_VISIBLE,ACTIVE,2,WORK_REFERENCE:REF-FIL-0003@CF88:ART.5:INC.X
Art. 5,CF88:ART.5:INC.X,CF88.5.X,INCISO,REF-DOC-0001,Privacidade Hackeada,DOCUMENTÁRIO,2019,9.1,CURRENT_VISIBLE,ACTIVE,1,WORK_REFERENCE:REF-DOC-0001@CF88:ART.5:INC.X
Art. 5,CF88:ART.5:INC.XII,CF88.5.XII,INCISO,REF-FIL-0003,A Vida dos Outros,FILME,2006,8.9,CURRENT_VISIBLE,ACTIVE,1,WORK_REFERENCE:REF-FIL-0003@CF88:ART.5:INC.XII
Art. 5,CF88:ART.5:INC.XIII,CF88.5.XIII,INCISO,REF-FIL-0004,Filadélfia,FILME,1993,7.9,CURRENT_VISIBLE,ACTIVE,1,WORK_REFERENCE:REF-FIL-0004@CF88:ART.5:INC.XIII
Art. 5,CF88:ART.5:INC.XIV,CF88.5.XIV,INCISO,REF-SER-0003,Chernobyl,SÉRIE,2019,8.2,CURRENT_VISIBLE,ACTIVE,1,WORK_REFERENCE:REF-SER-0003@CF88:ART.5:INC.XIV
Art. 5,CF88:ART.5:INC.XV,CF88.5.XV,INCISO,REF-JOG-0001,"Papers, Please",JOGO,2013,3.8,CURRENT_VISIBLE,ACTIVE,1,WORK_REFERENCE:REF-JOG-0001@CF88:ART.5:INC.XV
Art. 5,CF88:ART.5:INC.XXII,CF88.5.XXII,INCISO,EXP-FIL-005,Leviatã,FILME,2014,6.6,CURRENT_VISIBLE,ACTIVE,1,WORK_REFERENCE:EXP-FIL-005@CF88:ART.5:INC.XXII
Art. 5,CF88:ART.5:INC.XXXV,CF88.5.XXXV,INCISO,REF-FIL-0007,O Preço da Verdade,FILME,2019,7.4,CURRENT_VISIBLE,ACTIVE,1,WORK_REFERENCE:REF-FIL-0007@CF88:ART.5:INC.XXXV
Art. 5,CF88:ART.5:INC.XLII,CF88.5.XLII,INCISO,REF-DOC-0002,A 13ª Emenda,DOCUMENTÁRIO,2016,8.8,CURRENT_VISIBLE,ACTIVE,1,WORK_REFERENCE:REF-DOC-0002@CF88:ART.5:INC.XLII
Art. 5,CF88:ART.5:INC.XLII,CF88.5.XLII,INCISO,EXP-LIV-008,A Cor da Lei,LIVRO,2017,,CURRENT_VISIBLE,ACTIVE,1,WORK_REFERENCE:EXP-LIV-008@CF88:ART.5:INC.XLII
Art. 5,CF88:ART.5:INC.XLII,CF88.5.XLII,INCISO,EXP-DOC-009,AmarElo — É Tudo Pra Ontem,DOCUMENTÁRIO,2020,8.4,CURRENT_VISIBLE,ACTIVE,1,WORK_REFERENCE:EXP-DOC-009@CF88:ART.5:INC.XLII
Art. 5,CF88:ART.5:INC.XLII,CF88.5.XLII,INCISO,EXP-LIV-010,Borderlands/La Frontera: The New Mestiza,LIVRO,1987,8.0,CURRENT_VISIBLE,ACTIVE,1,WORK_REFERENCE:EXP-LIV-010@CF88:ART.5:INC.XLII
Art. 5,CF88:ART.5:INC.XLIX,CF88.5.XLIX,INCISO,REF-DOC-0002,A 13ª Emenda,DOCUMENTÁRIO,2016,7.0,CURRENT_VISIBLE,ACTIVE,1,WORK_REFERENCE:REF-DOC-0002@CF88:ART.5:INC.XLIX
Art. 5,CF88:ART.5:INC.XLIX,CF88.5.XLIX,INCISO,REF-SER-0001,Olhos que Condenam,SÉRIE,2019,6.5,CURRENT_VISIBLE,ACTIVE,1,WORK_REFERENCE:REF-SER-0001@CF88:ART.5:INC.XLIX
Art. 5,CF88:ART.5:INC.LIV,CF88.5.LIV,INCISO,REF-FIL-0001,12 Homens e uma Sentença,FILME,1957,9.2,CURRENT_VISIBLE,ACTIVE,1,WORK_REFERENCE:REF-FIL-0001@CF88:ART.5:INC.LIV
Art. 5,CF88:ART.5:INC.LIV,CF88.5.LIV,INCISO,REF-LIV-0002,O Processo,LIVRO,1925,9.2,CURRENT_VISIBLE,ACTIVE,1,WORK_REFERENCE:REF-LIV-0002@CF88:ART.5:INC.LIV
Art. 5,CF88:ART.5:INC.LIV,CF88.5.LIV,INCISO,REF-SER-0001,Olhos que Condenam,SÉRIE,2019,9.2,CURRENT_VISIBLE,ACTIVE,1,WORK_REFERENCE:REF-SER-0001@CF88:ART.5:INC.LIV
Art. 5,CF88:ART.5:INC.LV,CF88.5.LV,INCISO,REF-LIV-0002,O Processo,LIVRO,1925,8.8,CURRENT_VISIBLE,ACTIVE,1,WORK_REFERENCE:REF-LIV-0002@CF88:ART.5:INC.LV
Art. 5,CF88:ART.5:INC.LVII,CF88.5.LVII,INCISO,REF-FIL-0001,12 Homens e uma Sentença,FILME,1957,8.5,CURRENT_VISIBLE,ACTIVE,1,WORK_REFERENCE:REF-FIL-0001@CF88:ART.5:INC.LVII
Art. 5,CF88:ART.5:INC.LXXIX,CF88.5.LXXIX,INCISO,REF-FIL-0003,A Vida dos Outros,FILME,2006,9.1,CURRENT_VISIBLE,ACTIVE,1,WORK_REFERENCE:REF-FIL-0003@CF88:ART.5:INC.LXXIX
Art. 5,CF88:ART.5:INC.LXXIX,CF88.5.LXXIX,INCISO,REF-DOC-0001,Privacidade Hackeada,DOCUMENTÁRIO,2019,9.1,CURRENT_VISIBLE,ACTIVE,1,WORK_REFERENCE:REF-DOC-0001@CF88:ART.5:INC.LXXIX
Art. 6,CF88:ART.6:CAPUT,CF88.6.CAPUT,CAPUT,EXP-LIV-008,A Cor da Lei,LIVRO,2017,7.5,CURRENT_VISIBLE,ACTIVE,1,WORK_REFERENCE:EXP-LIV-008@CF88:ART.6:CAPUT
Art. 6,CF88:ART.6:CAPUT,CF88.6.CAPUT,CAPUT,REF-LIV-0007,Ensaio sobre a Cegueira,LIVRO,1995,,CURRENT_VISIBLE,ACTIVE,1,WORK_REFERENCE:REF-LIV-0007@CF88:ART.6:CAPUT
Art. 6,CF88:ART.6:CAPUT,CF88.6.CAPUT,CAPUT,EXP-FIL-006,"Eu, Daniel Blake",FILME,2016,7.3,CURRENT_VISIBLE,ACTIVE,1,WORK_REFERENCE:EXP-FIL-006@CF88:ART.6:CAPUT
Art. 6,CF88:ART.6:CAPUT,CF88.6.CAPUT,CAPUT,REF-FIL-0004,Filadélfia,FILME,1993,7.6,CURRENT_VISIBLE,ACTIVE,1,WORK_REFERENCE:REF-FIL-0004@CF88:ART.6:CAPUT
Art. 6,CF88:ART.6:CAPUT,CF88.6.CAPUT,CAPUT,REF-DOC-0004,Ilha das Flores,DOCUMENTÁRIO,1989,7.3,CURRENT_VISIBLE,ACTIVE,1,WORK_REFERENCE:REF-DOC-0004@CF88:ART.6:CAPUT
Art. 6,CF88:ART.6:CAPUT,CF88.6.CAPUT,CAPUT,REF-LIV-0004,Quarto de Despejo,LIVRO,1960,8.7,CURRENT_VISIBLE,ACTIVE,2,WORK_REFERENCE:REF-LIV-0004@CF88:ART.6:CAPUT
Art. 7,CF88:ART.7:INC.IV,CF88.7.IV,INCISO,EXP-LIV-004,Cidadania no Brasil: O Longo Caminho,LIVRO,2001,5.9,CURRENT_VISIBLE,ACTIVE,1,WORK_REFERENCE:EXP-LIV-004@CF88:ART.7:INC.IV
Art. 14,CF88:ART.14:CAPUT,CF88.14.CAPUT,CAPUT,REF-FIL-0005,Selma,FILME,2014,7.4,CURRENT_VISIBLE,ACTIVE,1,WORK_REFERENCE:REF-FIL-0005@CF88:ART.14:CAPUT
Art. 23,CF88:ART.23:INC.IX,CF88.23.IX,INCISO,EXP-SER-006,Show Me a Hero,SÉRIE,2015,7.7,CURRENT_VISIBLE,ACTIVE,1,WORK_REFERENCE:EXP-SER-006@CF88:ART.23:INC.IX
Art. 170,CF88:ART.170:CAPUT,CF88.170.CAPUT,CAPUT,EXP-DOC-002,Capital no Século XXI,DOCUMENTÁRIO,2019,,CURRENT_VISIBLE,ACTIVE,1,WORK_REFERENCE:EXP-DOC-002@CF88:ART.170:CAPUT
Art. 170,CF88:ART.170:CAPUT,CF88.170.CAPUT,CAPUT,EXP-DOC-003,Desigualdade para Todos,DOCUMENTÁRIO,2013,6.5,CURRENT_VISIBLE,ACTIVE,1,WORK_REFERENCE:EXP-DOC-003@CF88:ART.170:CAPUT
Art. 170,CF88:ART.170:CAPUT,CF88.170.CAPUT,CAPUT,EXP-FIL-006,"Eu, Daniel Blake",FILME,2016,,CURRENT_VISIBLE,ACTIVE,1,WORK_REFERENCE:EXP-FIL-006@CF88:ART.170:CAPUT
Art. 170,CF88:ART.170:CAPUT,CF88.170.CAPUT,CAPUT,REF-DOC-0004,Ilha das Flores,DOCUMENTÁRIO,1989,,CURRENT_VISIBLE,ACTIVE,1,WORK_REFERENCE:REF-DOC-0004@CF88:ART.170:CAPUT
Art. 170,CF88:ART.170:CAPUT,CF88.170.CAPUT,CAPUT,EXP-LIV-009,O Triunfo da Injustiça,LIVRO,2019,,CURRENT_VISIBLE,ACTIVE,1,WORK_REFERENCE:EXP-LIV-009@CF88:ART.170:CAPUT
Art. 170,CF88:ART.170:CAPUT,CF88.170.CAPUT,CAPUT,REF-LIV-0004,Quarto de Despejo,LIVRO,1960,,CURRENT_VISIBLE,ACTIVE,1,WORK_REFERENCE:REF-LIV-0004@CF88:ART.170:CAPUT
Art. 170,CF88:ART.170:INC.II,CF88.170.II,INCISO,EXP-FIL-005,Leviatã,FILME,2014,6.6,CURRENT_VISIBLE,ACTIVE,1,WORK_REFERENCE:EXP-FIL-005@CF88:ART.170:INC.II
Art. 170,CF88:ART.170:INC.VI,CF88.170.VI,INCISO,REF-SER-0003,Chernobyl,SÉRIE,2019,8.8,CURRENT_VISIBLE,ACTIVE,1,WORK_REFERENCE:REF-SER-0003@CF88:ART.170:INC.VI
Art. 170,CF88:ART.170:INC.VI,CF88.170.VI,INCISO,REF-FIL-0007,O Preço da Verdade,FILME,2019,9.2,CURRENT_VISIBLE,ACTIVE,1,WORK_REFERENCE:REF-FIL-0007@CF88:ART.170:INC.VI
Art. 170,CF88:ART.170:INC.VII,CF88.170.VII,INCISO,EXP-DOC-002,Capital no Século XXI,DOCUMENTÁRIO,2019,5.8,CURRENT_VISIBLE,ACTIVE,1,WORK_REFERENCE:EXP-DOC-002@CF88:ART.170:INC.VII
Art. 170,CF88:ART.170:INC.VII,CF88.170.VII,INCISO,EXP-DOC-003,Desigualdade para Todos,DOCUMENTÁRIO,2013,5.8,CURRENT_VISIBLE,ACTIVE,1,WORK_REFERENCE:EXP-DOC-003@CF88:ART.170:INC.VII
Art. 170,CF88:ART.170:INC.VII,CF88.170.VII,INCISO,EXP-FIL-006,"Eu, Daniel Blake",FILME,2016,6.6,CURRENT_VISIBLE,ACTIVE,1,WORK_REFERENCE:EXP-FIL-006@CF88:ART.170:INC.VII
Art. 170,CF88:ART.170:INC.VII,CF88.170.VII,INCISO,REF-DOC-0004,Ilha das Flores,DOCUMENTÁRIO,1989,7.8,CURRENT_VISIBLE,ACTIVE,1,WORK_REFERENCE:REF-DOC-0004@CF88:ART.170:INC.VII
Art. 170,CF88:ART.170:INC.VII,CF88.170.VII,INCISO,EXP-LIV-009,O Triunfo da Injustiça,LIVRO,2019,,CURRENT_VISIBLE,ACTIVE,1,WORK_REFERENCE:EXP-LIV-009@CF88:ART.170:INC.VII
Art. 170,CF88:ART.170:INC.VII,CF88.170.VII,INCISO,REF-LIV-0004,Quarto de Despejo,LIVRO,1960,8.3,CURRENT_VISIBLE,ACTIVE,1,WORK_REFERENCE:REF-LIV-0004@CF88:ART.170:INC.VII
Art. 193,CF88:ART.193:CAPUT,CF88.193.CAPUT,CAPUT,EXP-DOC-002,Capital no Século XXI,DOCUMENTÁRIO,2019,,CURRENT_VISIBLE,ACTIVE,1,WORK_REFERENCE:EXP-DOC-002@CF88:ART.193:CAPUT
Art. 193,CF88:ART.193:CAPUT,CF88.193.CAPUT,CAPUT,EXP-DOC-003,Desigualdade para Todos,DOCUMENTÁRIO,2013,6.8,CURRENT_VISIBLE,ACTIVE,1,WORK_REFERENCE:EXP-DOC-003@CF88:ART.193:CAPUT
Art. 193,CF88:ART.193:CAPUT,CF88.193.CAPUT,CAPUT,EXP-LIV-009,O Triunfo da Injustiça,LIVRO,2019,,CURRENT_VISIBLE,ACTIVE,1,WORK_REFERENCE:EXP-LIV-009@CF88:ART.193:CAPUT
Art. 194,CF88:ART.194:CAPUT,CF88.194.CAPUT,CAPUT,EXP-FIL-006,"Eu, Daniel Blake",FILME,2016,6.0,CURRENT_VISIBLE,ACTIVE,1,WORK_REFERENCE:EXP-FIL-006@CF88:ART.194:CAPUT
Art. 203,CF88:ART.203:INC.VI,CF88.203.VI,INCISO,EXP-FIL-006,"Eu, Daniel Blake",FILME,2016,6.2,CURRENT_VISIBLE,ACTIVE,1,WORK_REFERENCE:EXP-FIL-006@CF88:ART.203:INC.VI
Art. 203,CF88:ART.203:INC.VI,CF88.203.VI,INCISO,REF-DOC-0004,Ilha das Flores,DOCUMENTÁRIO,1989,7.5,CURRENT_VISIBLE,ACTIVE,1,WORK_REFERENCE:REF-DOC-0004@CF88:ART.203:INC.VI
Art. 203,CF88:ART.203:INC.VI,CF88.203.VI,INCISO,REF-LIV-0004,Quarto de Despejo,LIVRO,1960,8.3,CURRENT_VISIBLE,ACTIVE,1,WORK_REFERENCE:REF-LIV-0004@CF88:ART.203:INC.VI
Art. 205,CF88:ART.205:CAPUT,CF88.205.CAPUT,CAPUT,EXP-LIV-004,Cidadania no Brasil: O Longo Caminho,LIVRO,2001,6.9,CURRENT_VISIBLE,ACTIVE,1,WORK_REFERENCE:EXP-LIV-004@CF88:ART.205:CAPUT
Art. 220,CF88:ART.220:CAPUT,CF88.220.CAPUT,CAPUT,REF-FIL-0006,The Post: A Guerra Secreta,FILME,2017,8.4,CURRENT_VISIBLE,ACTIVE,1,WORK_REFERENCE:REF-FIL-0006@CF88:ART.220:CAPUT
Art. 220,CF88:ART.220:PAR.2,CF88.220.2,PARAGRAFO,REF-LIV-0001,1984,LIVRO,1949,8.3,CURRENT_VISIBLE,ACTIVE,1,WORK_REFERENCE:REF-LIV-0001@CF88:ART.220:PAR.2
Art. 220,CF88:ART.220:PAR.2,CF88.220.2,PARAGRAFO,REF-FIL-0006,The Post: A Guerra Secreta,FILME,2017,9.2,CURRENT_VISIBLE,ACTIVE,1,WORK_REFERENCE:REF-FIL-0006@CF88:ART.220:PAR.2
Art. 220,CF88:ART.220:PAR.2,CF88.220.2,PARAGRAFO,REF-FIL-0002,V de Vingança,FILME,2005,8.5,CURRENT_VISIBLE,ACTIVE,1,WORK_REFERENCE:REF-FIL-0002@CF88:ART.220:PAR.2
Art. 225,CF88:ART.225:CAPUT,CF88.225.CAPUT,CAPUT,REF-SER-0003,Chernobyl,SÉRIE,2019,8.4,CURRENT_VISIBLE,ACTIVE,1,WORK_REFERENCE:REF-SER-0003@CF88:ART.225:CAPUT
Art. 225,CF88:ART.225:CAPUT,CF88.225.CAPUT,CAPUT,REF-FIL-0007,O Preço da Verdade,FILME,2019,8.8,CURRENT_VISIBLE,ACTIVE,1,WORK_REFERENCE:REF-FIL-0007@CF88:ART.225:CAPUT
Art. 226,CF88:ART.226:PAR.7,CF88.226.7,PARAGRAFO,REF-SER-0002,The Handmaid's Tale,SÉRIE,2017,7.5,CURRENT_VISIBLE,ACTIVE,1,WORK_REFERENCE:REF-SER-0002@CF88:ART.226:PAR.7
Art. 227,CF88:ART.227:CAPUT,CF88.227.CAPUT,CAPUT,REF-LIV-0004,Quarto de Despejo,LIVRO,1960,7.4,CURRENT_VISIBLE,ACTIVE,2,WORK_REFERENCE:REF-LIV-0004@CF88:ART.227:CAPUT
