TARGET_ID,WORK_COUNT,LAYER4_EXPECTED,ART_CAPUT_EQUIVALENCE,EXPECTED_DISPLAY_TARGET,DISPLAY_QUERY_KEYS
CF88:ART.1:INC.III,6,YES,NO,CF88:ART.1:INC.III,CF88:ART.1:INC.III
CF88:ART.1:PAR.UNICO,1,YES,NO,CF88:ART.1:PAR.UNICO,CF88:ART.1:PAR.UNICO
CF88:ART.2:CAPUT,1,YES,YES,CF88:ART.2,CF88:ART.2+CF88:ART.2:CAPUT
CF88:ART.3:INC.III,6,YES,NO,CF88:ART.3:INC.III,CF88:ART.3:INC.III
CF88:ART.3:INC.IV,8,YES,NO,CF88:ART.3:INC.IV,CF88:ART.3:INC.IV
CF88:ART.4:INC.VIII,6,YES,NO,CF88:ART.4:INC.VIII,CF88:ART.4:INC.VIII
CF88:ART.5:CAPUT,2,YES,YES,CF88:ART.5,CF88:ART.5+CF88:ART.5:CAPUT
CF88:ART.5:INC.I,1,YES,NO,CF88:ART.5:INC.I,CF88:ART.5:INC.I
CF88:ART.5:INC.III,1,YES,NO,CF88:ART.5:INC.III,CF88:ART.5:INC.III
CF88:ART.5:INC.IV,3,YES,NO,CF88:ART.5:INC.IV,CF88:ART.5:INC.IV
CF88:ART.5:INC.VI,1,YES,NO,CF88:ART.5:INC.VI,CF88:ART.5:INC.VI
CF88:ART.5:INC.VIII,1,YES,NO,CF88:ART.5:INC.VIII,CF88:ART.5:INC.VIII
CF88:ART.5:INC.IX,2,YES,NO,CF88:ART.5:INC.IX,CF88:ART.5:INC.IX
CF88:ART.5:INC.X,3,YES,NO,CF88:ART.5:INC.X,CF88:ART.5:INC.X
CF88:ART.5:INC.XII,1,YES,NO,CF88:ART.5:INC.XII,CF88:ART.5:INC.XII
CF88:ART.5:INC.XIII,1,YES,NO,CF88:ART.5:INC.XIII,CF88:ART.5:INC.XIII
CF88:ART.5:INC.XIV,1,YES,NO,CF88:ART.5:INC.XIV,CF88:ART.5:INC.XIV
CF88:ART.5:INC.XV,1,YES,NO,CF88:ART.5:INC.XV,CF88:ART.5:INC.XV
CF88:ART.5:INC.XXII,1,YES,NO,CF88:ART.5:INC.XXII,CF88:ART.5:INC.XXII
CF88:ART.5:INC.XXXV,1,YES,NO,CF88:ART.5:INC.XXXV,CF88:ART.5:INC.XXXV
CF88:ART.5:INC.XLII,4,YES,NO,CF88:ART.5:INC.XLII,CF88:ART.5:INC.XLII
CF88:ART.5:INC.XLIX,2,YES,NO,CF88:ART.5:INC.XLIX,CF88:ART.5:INC.XLIX
CF88:ART.5:INC.LIV,3,YES,NO,CF88:ART.5:INC.LIV,CF88:ART.5:INC.LIV
CF88:ART.5:INC.LV,1,YES,NO,CF88:ART.5:INC.LV,CF88:ART.5:INC.LV
CF88:ART.5:INC.LVII,1,YES,NO,CF88:ART.5:INC.LVII,CF88:ART.5:INC.LVII
CF88:ART.5:INC.LXXIX,2,YES,NO,CF88:ART.5:INC.LXXIX,CF88:ART.5:INC.LXXIX
CF88:ART.6:CAPUT,6,YES,YES,CF88:ART.6,CF88:ART.6+CF88:ART.6:CAPUT
CF88:ART.7:INC.IV,1,YES,NO,CF88:ART.7:INC.IV,CF88:ART.7:INC.IV
CF88:ART.14:CAPUT,1,YES,YES,CF88:ART.14,CF88:ART.14+CF88:ART.14:CAPUT
CF88:ART.23:INC.IX,1,YES,NO,CF88:ART.23:INC.IX,CF88:ART.23:INC.IX
CF88:ART.170:CAPUT,6,YES,YES,CF88:ART.170,CF88:ART.170+CF88:ART.170:CAPUT
CF88:ART.170:INC.II,1,YES,NO,CF88:ART.170:INC.II,CF88:ART.170:INC.II
CF88:ART.170:INC.VI,2,YES,NO,CF88:ART.170:INC.VI,CF88:ART.170:INC.VI
CF88:ART.170:INC.VII,6,YES,NO,CF88:ART.170:INC.VII,CF88:ART.170:INC.VII
CF88:ART.193:CAPUT,3,YES,YES,CF88:ART.193,CF88:ART.193+CF88:ART.193:CAPUT
CF88:ART.194:CAPUT,1,YES,YES,CF88:ART.194,CF88:ART.194+CF88:ART.194:CAPUT
CF88:ART.203:INC.VI,3,YES,NO,CF88:ART.203:INC.VI,CF88:ART.203:INC.VI
CF88:ART.205:CAPUT,1,YES,YES,CF88:ART.205,CF88:ART.205+CF88:ART.205:CAPUT
CF88:ART.220:CAPUT,1,YES,YES,CF88:ART.220,CF88:ART.220+CF88:ART.220:CAPUT
CF88:ART.220:PAR.2,3,YES,NO,CF88:ART.220:PAR.2,CF88:ART.220:PAR.2
CF88:ART.225:CAPUT,2,YES,YES,CF88:ART.225,CF88:ART.225+CF88:ART.225:CAPUT
CF88:ART.226:PAR.7,1,YES,NO,CF88:ART.226:PAR.7,CF88:ART.226:PAR.7
CF88:ART.227:CAPUT,1,YES,YES,CF88:ART.227,CF88:ART.227+CF88:ART.227:CAPUT
