ARTICLE,TARGET_ID,TARGET_SHORT,TARGET_KIND,REFERENCE_ID,TITLE,MEDIA_TYPE,YEAR,SCORE,IN_RUN2,ORIGIN,REVIEW_STATUS,DECISION,DEVICE_DISPLAY_TARGET,LAYER4_EXPECTED,DISPLAY_QUERY_KEYS,LINK_REFERENCE_ID
Art. 1,CF88:ART.1:INC.III,CF88.1.III,INCISO,REF-LIV-0007,Ensaio sobre a Cegueira,LIVRO,1995,9.2,YES,CATALOG_RC2,RC2_HUMAN_REVIEWED,,CF88:ART.1:INC.III,YES,CF88:ART.1:INC.III,WORK_REFERENCE:REF-LIV-0007@CF88:ART.1:INC.III
Art. 1,CF88:ART.1:INC.III,CF88.1.III,INCISO,EXP-FIL-006,"Eu, Daniel Blake",FILME,2016,6.2,YES,CATALOG_RC2,RC2_HUMAN_REVIEWED,,CF88:ART.1:INC.III,YES,CF88:ART.1:INC.III,WORK_REFERENCE:EXP-FIL-006@CF88:ART.1:INC.III
Art. 1,CF88:ART.1:INC.III,CF88.1.III,INCISO,REF-DOC-0004,Ilha das Flores,DOCUMENTÁRIO,1989,9.2,YES,CATALOG_RC2,RC2_HUMAN_REVIEWED,,CF88:ART.1:INC.III,YES,CF88:ART.1:INC.III,WORK_REFERENCE:REF-DOC-0004@CF88:ART.1:INC.III
Art. 1,CF88:ART.1:INC.III,CF88.1.III,INCISO,REF-LIV-0004,Quarto de Despejo,LIVRO,1960,9.2,YES,CATALOG_RC2,RC2_HUMAN_REVIEWED,,CF88:ART.1:INC.III,YES,CF88:ART.1:INC.III,WORK_REFERENCE:REF-LIV-0004@CF88:ART.1:INC.III
Art. 1,CF88:ART.1:INC.III,CF88.1.III,INCISO,REF-SER-0002,The Handmaid's Tale,SÉRIE,2017,8.8,YES,CATALOG_RC2,RC2_HUMAN_REVIEWED,,CF88:ART.1:INC.III,YES,CF88:ART.1:INC.III,WORK_REFERENCE:REF-SER-0002@CF88:ART.1:INC.III
Art. 1,CF88:ART.1:INC.III,CF88.1.III,INCISO,REF-JOG-0002,This War of Mine,JOGO,2014,7.6,YES,CATALOG_RC2,RC2_HUMAN_REVIEWED,,CF88:ART.1:INC.III,YES,CF88:ART.1:INC.III,WORK_REFERENCE:REF-JOG-0002@CF88:ART.1:INC.III
Art. 1,CF88:ART.1:PAR.UNICO,CF88.1.UNICO,PARAGRAFO_UNICO,REF-FIL-0005,Selma,FILME,2014,,YES,CATALOG_RC2,RC2_HUMAN_REVIEWED,,CF88:ART.1:PAR.UNICO,YES,CF88:ART.1:PAR.UNICO,WORK_REFERENCE:REF-FIL-0005@CF88:ART.1:PAR.UNICO
Art. 2,CF88:ART.2:CAPUT,CF88.2.CAPUT,CAPUT,EXP-LIV-006,O Federalista,LIVRO,1788,,YES,CATALOG_RC2,RC2_HUMAN_REVIEWED,,CF88:ART.2,YES,CF88:ART.2+CF88:ART.2:CAPUT,WORK_REFERENCE:EXP-LIV-006@CF88:ART.2:CAPUT
Art. 3,CF88:ART.3:INC.III,CF88.3.III,INCISO,EXP-DOC-002,Capital no Século XXI,DOCUMENTÁRIO,2019,5.8,YES,CATALOG_RC2,RC2_HUMAN_REVIEWED,,CF88:ART.3:INC.III,YES,CF88:ART.3:INC.III,WORK_REFERENCE:EXP-DOC-002@CF88:ART.3:INC.III
Art. 3,CF88:ART.3:INC.III,CF88.3.III,INCISO,EXP-DOC-003,Desigualdade para Todos,DOCUMENTÁRIO,2013,5.8,YES,CATALOG_RC2,RC2_HUMAN_REVIEWED,,CF88:ART.3:INC.III,YES,CF88:ART.3:INC.III,WORK_REFERENCE:EXP-DOC-003@CF88:ART.3:INC.III
Art. 3,CF88:ART.3:INC.III,CF88.3.III,INCISO,EXP-FIL-006,"Eu, Daniel Blake",FILME,2016,6.6,YES,CATALOG_RC2,RC2_HUMAN_REVIEWED,,CF88:ART.3:INC.III,YES,CF88:ART.3:INC.III,WORK_REFERENCE:EXP-FIL-006@CF88:ART.3:INC.III
Art. 3,CF88:ART.3:INC.III,CF88.3.III,INCISO,REF-DOC-0004,Ilha das Flores,DOCUMENTÁRIO,1989,7.8,YES,CATALOG_RC2,RC2_HUMAN_REVIEWED,,CF88:ART.3:INC.III,YES,CF88:ART.3:INC.III,WORK_REFERENCE:REF-DOC-0004@CF88:ART.3:INC.III
Art. 3,CF88:ART.3:INC.III,CF88.3.III,INCISO,EXP-LIV-009,O Triunfo da Injustiça,LIVRO,2019,,YES,CATALOG_RC2,RC2_HUMAN_REVIEWED,,CF88:ART.3:INC.III,YES,CF88:ART.3:INC.III,WORK_REFERENCE:EXP-LIV-009@CF88:ART.3:INC.III
Art. 3,CF88:ART.3:INC.III,CF88.3.III,INCISO,REF-LIV-0004,Quarto de Despejo,LIVRO,1960,8.3,YES,CATALOG_RC2,RC2_HUMAN_REVIEWED,,CF88:ART.3:INC.III,YES,CF88:ART.3:INC.III,WORK_REFERENCE:REF-LIV-0004@CF88:ART.3:INC.III
Art. 3,CF88:ART.3:INC.IV,CF88.3.IV,INCISO,REF-DOC-0002,A 13ª Emenda,DOCUMENTÁRIO,2016,8.8,YES,CATALOG_RC2,RC2_HUMAN_REVIEWED,,CF88:ART.3:INC.IV,YES,CF88:ART.3:INC.IV,WORK_REFERENCE:REF-DOC-0002@CF88:ART.3:INC.IV
Art. 3,CF88:ART.3:INC.IV,CF88.3.IV,INCISO,EXP-LIV-008,A Cor da Lei,LIVRO,2017,,YES,CATALOG_RC2,RC2_HUMAN_REVIEWED,,CF88:ART.3:INC.IV,YES,CF88:ART.3:INC.IV,WORK_REFERENCE:EXP-LIV-008@CF88:ART.3:INC.IV
Art. 3,CF88:ART.3:INC.IV,CF88.3.IV,INCISO,REF-LIV-0006,A Revolução dos Bichos,LIVRO,1945,8.6,YES,CATALOG_RC2,RC2_HUMAN_REVIEWED,,CF88:ART.3:INC.IV,YES,CF88:ART.3:INC.IV,WORK_REFERENCE:REF-LIV-0006@CF88:ART.3:INC.IV
Art. 3,CF88:ART.3:INC.IV,CF88.3.IV,INCISO,EXP-DOC-009,AmarElo — É Tudo Pra Ontem,DOCUMENTÁRIO,2020,8.4,YES,CATALOG_RC2,RC2_HUMAN_REVIEWED,,CF88:ART.3:INC.IV,YES,CF88:ART.3:INC.IV,WORK_REFERENCE:EXP-DOC-009@CF88:ART.3:INC.IV
Art. 3,CF88:ART.3:INC.IV,CF88.3.IV,INCISO,EXP-LIV-010,Borderlands/La Frontera: The New Mestiza,LIVRO,1987,8.0,YES,CATALOG_RC2,RC2_HUMAN_REVIEWED,,CF88:ART.3:INC.IV,YES,CF88:ART.3:INC.IV,WORK_REFERENCE:EXP-LIV-010@CF88:ART.3:INC.IV
Art. 3,CF88:ART.3:INC.IV,CF88.3.IV,INCISO,REF-LIV-0003,O Sol É para Todos,LIVRO,1960,8.9,YES,CATALOG_RC2,RC2_HUMAN_REVIEWED,,CF88:ART.3:INC.IV,YES,CF88:ART.3:INC.IV,WORK_REFERENCE:REF-LIV-0003@CF88:ART.3:INC.IV
Art. 3,CF88:ART.3:INC.IV,CF88.3.IV,INCISO,EXP-SER-007,Pachinko,SÉRIE,2022,8.0,YES,CATALOG_RC2,RC2_HUMAN_REVIEWED,,CF88:ART.3:INC.IV,YES,CF88:ART.3:INC.IV,WORK_REFERENCE:EXP-SER-007@CF88:ART.3:INC.IV
Art. 3,CF88:ART.3:INC.IV,CF88.3.IV,INCISO,EXP-SER-006,Show Me a Hero,SÉRIE,2015,,YES,CATALOG_RC2,RC2_HUMAN_REVIEWED,,CF88:ART.3:INC.IV,YES,CF88:ART.3:INC.IV,WORK_REFERENCE:EXP-SER-006@CF88:ART.3:INC.IV
Art. 4,CF88:ART.4:INC.VIII,CF88.4.VIII,INCISO,REF-DOC-0002,A 13ª Emenda,DOCUMENTÁRIO,2016,8.8,YES,CATALOG_RC2,RC2_HUMAN_REVIEWED,,CF88:ART.4:INC.VIII,YES,CF88:ART.4:INC.VIII,WORK_REFERENCE:REF-DOC-0002@CF88:ART.4:INC.VIII
Art. 4,CF88:ART.4:INC.VIII,CF88.4.VIII,INCISO,EXP-LIV-008,A Cor da Lei,LIVRO,2017,,YES,CATALOG_RC2,RC2_HUMAN_REVIEWED,,CF88:ART.4:INC.VIII,YES,CF88:ART.4:INC.VIII,WORK_REFERENCE:EXP-LIV-008@CF88:ART.4:INC.VIII
Art. 4,CF88:ART.4:INC.VIII,CF88.4.VIII,INCISO,EXP-DOC-009,AmarElo — É Tudo Pra Ontem,DOCUMENTÁRIO,2020,8.4,YES,CATALOG_RC2,RC2_HUMAN_REVIEWED,,CF88:ART.4:INC.VIII,YES,CF88:ART.4:INC.VIII,WORK_REFERENCE:EXP-DOC-009@CF88:ART.4:INC.VIII
Art. 4,CF88:ART.4:INC.VIII,CF88.4.VIII,INCISO,EXP-LIV-010,Borderlands/La Frontera: The New Mestiza,LIVRO,1987,8.0,YES,CATALOG_RC2,RC2_HUMAN_REVIEWED,,CF88:ART.4:INC.VIII,YES,CF88:ART.4:INC.VIII,WORK_REFERENCE:EXP-LIV-010@CF88:ART.4:INC.VIII
Art. 4,CF88:ART.4:INC.VIII,CF88.4.VIII,INCISO,REF-LIV-0003,O Sol É para Todos,LIVRO,1960,8.9,YES,CATALOG_RC2,RC2_HUMAN_REVIEWED,,CF88:ART.4:INC.VIII,YES,CF88:ART.4:INC.VIII,WORK_REFERENCE:REF-LIV-0003@CF88:ART.4:INC.VIII
Art. 4,CF88:ART.4:INC.VIII,CF88.4.VIII,INCISO,EXP-SER-006,Show Me a Hero,SÉRIE,2015,,YES,CATALOG_RC2,RC2_HUMAN_REVIEWED,,CF88:ART.4:INC.VIII,YES,CF88:ART.4:INC.VIII,WORK_REFERENCE:EXP-SER-006@CF88:ART.4:INC.VIII
Art. 5,CF88:ART.5:CAPUT,CF88.5.CAPUT,CAPUT,REF-LIV-0006,A Revolução dos Bichos,LIVRO,1945,5.7,YES,CATALOG_RC2,RC2_HUMAN_REVIEWED,,CF88:ART.5,YES,CF88:ART.5+CF88:ART.5:CAPUT,WORK_REFERENCE:REF-LIV-0006@CF88:ART.5:CAPUT
Art. 5,CF88:ART.5:CAPUT,CF88.5.CAPUT,CAPUT,REF-FIL-0004,Filadélfia,FILME,1993,,YES,CATALOG_RC2,RC2_HUMAN_REVIEWED,,CF88:ART.5,YES,CF88:ART.5+CF88:ART.5:CAPUT,WORK_REFERENCE:REF-FIL-0004@CF88:ART.5:CAPUT
Art. 5,CF88:ART.5:INC.I,CF88.5.I,INCISO,REF-SER-0002,The Handmaid's Tale,SÉRIE,2017,9.2,YES,CATALOG_RC2,RC2_HUMAN_REVIEWED,,CF88:ART.5:INC.I,YES,CF88:ART.5:INC.I,WORK_REFERENCE:REF-SER-0002@CF88:ART.5:INC.I
Art. 5,CF88:ART.5:INC.III,CF88.5.III,INCISO,REF-LIV-0005,Vigiar e Punir,LIVRO,1975,7.9,YES,CATALOG_RC2,RC2_HUMAN_REVIEWED,,CF88:ART.5:INC.III,YES,CF88:ART.5:INC.III,WORK_REFERENCE:REF-LIV-0005@CF88:ART.5:INC.III
Art. 5,CF88:ART.5:INC.IV,CF88.5.IV,INCISO,REF-LIV-0001,1984,LIVRO,1949,7.8,YES,CATALOG_RC2,RC2_HUMAN_REVIEWED,,CF88:ART.5:INC.IV,YES,CF88:ART.5:INC.IV,WORK_REFERENCE:REF-LIV-0001@CF88:ART.5:INC.IV
Art. 5,CF88:ART.5:INC.IV,CF88.5.IV,INCISO,REF-FIL-0006,The Post: A Guerra Secreta,FILME,2017,8.5,YES,CATALOG_RC2,RC2_HUMAN_REVIEWED,,CF88:ART.5:INC.IV,YES,CF88:ART.5:INC.IV,WORK_REFERENCE:REF-FIL-0006@CF88:ART.5:INC.IV
Art. 5,CF88:ART.5:INC.IV,CF88.5.IV,INCISO,REF-FIL-0002,V de Vingança,FILME,2005,8.7,YES,CATALOG_RC2,RC2_HUMAN_REVIEWED,,CF88:ART.5:INC.IV,YES,CF88:ART.5:INC.IV,WORK_REFERENCE:REF-FIL-0002@CF88:ART.5:INC.IV
Art. 5,CF88:ART.5:INC.VI,CF88.5.VI,INCISO,EXP-FIL-009,Timbuktu,FILME,2014,8.8,YES,CATALOG_RC2,RC2_HUMAN_REVIEWED,,CF88:ART.5:INC.VI,YES,CF88:ART.5:INC.VI,WORK_REFERENCE:EXP-FIL-009@CF88:ART.5:INC.VI
Art. 5,CF88:ART.5:INC.VIII,CF88.5.VIII,INCISO,EXP-FIL-009,Timbuktu,FILME,2014,9.0,YES,CATALOG_RC2,RC2_HUMAN_REVIEWED,,CF88:ART.5:INC.VIII,YES,CF88:ART.5:INC.VIII,WORK_REFERENCE:EXP-FIL-009@CF88:ART.5:INC.VIII
Art. 5,CF88:ART.5:INC.IX,CF88.5.IX,INCISO,REF-LIV-0001,1984,LIVRO,1949,8.3,YES,CATALOG_RC2,RC2_HUMAN_REVIEWED,,CF88:ART.5:INC.IX,YES,CF88:ART.5:INC.IX,WORK_REFERENCE:REF-LIV-0001@CF88:ART.5:INC.IX
Art. 5,CF88:ART.5:INC.IX,CF88.5.IX,INCISO,REF-FIL-0006,The Post: A Guerra Secreta,FILME,2017,9.2,YES,CATALOG_RC2,RC2_HUMAN_REVIEWED,,CF88:ART.5:INC.IX,YES,CF88:ART.5:INC.IX,WORK_REFERENCE:REF-FIL-0006@CF88:ART.5:INC.IX
Art. 5,CF88:ART.5:INC.X,CF88.5.X,INCISO,REF-LIV-0001,1984,LIVRO,1949,9.1,YES,CATALOG_RC2,RC2_HUMAN_REVIEWED,,CF88:ART.5:INC.X,YES,CF88:ART.5:INC.X,WORK_REFERENCE:REF-LIV-0001@CF88:ART.5:INC.X
Art. 5,CF88:ART.5:INC.X,CF88.5.X,INCISO,REF-FIL-0003,A Vida dos Outros,FILME,2006,9.1,YES,CATALOG_RC2,RC2_HUMAN_REVIEWED,,CF88:ART.5:INC.X,YES,CF88:ART.5:INC.X,WORK_REFERENCE:REF-FIL-0003@CF88:ART.5:INC.X
Art. 5,CF88:ART.5:INC.X,CF88.5.X,INCISO,REF-DOC-0001,Privacidade Hackeada,DOCUMENTÁRIO,2019,9.1,YES,CATALOG_RC2,RC2_HUMAN_REVIEWED,,CF88:ART.5:INC.X,YES,CF88:ART.5:INC.X,WORK_REFERENCE:REF-DOC-0001@CF88:ART.5:INC.X
Art. 5,CF88:ART.5:INC.XII,CF88.5.XII,INCISO,REF-FIL-0003,A Vida dos Outros,FILME,2006,8.9,YES,CATALOG_RC2,RC2_HUMAN_REVIEWED,,CF88:ART.5:INC.XII,YES,CF88:ART.5:INC.XII,WORK_REFERENCE:REF-FIL-0003@CF88:ART.5:INC.XII
Art. 5,CF88:ART.5:INC.XIII,CF88.5.XIII,INCISO,REF-FIL-0004,Filadélfia,FILME,1993,7.9,YES,CATALOG_RC2,RC2_HUMAN_REVIEWED,,CF88:ART.5:INC.XIII,YES,CF88:ART.5:INC.XIII,WORK_REFERENCE:REF-FIL-0004@CF88:ART.5:INC.XIII
Art. 5,CF88:ART.5:INC.XIV,CF88.5.XIV,INCISO,REF-SER-0003,Chernobyl,SÉRIE,2019,8.2,YES,CATALOG_RC2,RC2_HUMAN_REVIEWED,,CF88:ART.5:INC.XIV,YES,CF88:ART.5:INC.XIV,WORK_REFERENCE:REF-SER-0003@CF88:ART.5:INC.XIV
Art. 5,CF88:ART.5:INC.XV,CF88.5.XV,INCISO,REF-JOG-0001,"Papers, Please",JOGO,2013,3.8,YES,CATALOG_RC2,RC2_HUMAN_REVIEWED,,CF88:ART.5:INC.XV,YES,CF88:ART.5:INC.XV,WORK_REFERENCE:REF-JOG-0001@CF88:ART.5:INC.XV
Art. 5,CF88:ART.5:INC.XXII,CF88.5.XXII,INCISO,EXP-FIL-005,Leviatã,FILME,2014,6.6,YES,CATALOG_RC2,RC2_HUMAN_REVIEWED,,CF88:ART.5:INC.XXII,YES,CF88:ART.5:INC.XXII,WORK_REFERENCE:EXP-FIL-005@CF88:ART.5:INC.XXII
Art. 5,CF88:ART.5:INC.XXXV,CF88.5.XXXV,INCISO,REF-FIL-0007,O Preço da Verdade,FILME,2019,7.4,YES,CATALOG_RC2,RC2_HUMAN_REVIEWED,,CF88:ART.5:INC.XXXV,YES,CF88:ART.5:INC.XXXV,WORK_REFERENCE:REF-FIL-0007@CF88:ART.5:INC.XXXV
Art. 5,CF88:ART.5:INC.XLII,CF88.5.XLII,INCISO,REF-DOC-0002,A 13ª Emenda,DOCUMENTÁRIO,2016,8.8,YES,CATALOG_RC2,RC2_HUMAN_REVIEWED,,CF88:ART.5:INC.XLII,YES,CF88:ART.5:INC.XLII,WORK_REFERENCE:REF-DOC-0002@CF88:ART.5:INC.XLII
Art. 5,CF88:ART.5:INC.XLII,CF88.5.XLII,INCISO,EXP-LIV-008,A Cor da Lei,LIVRO,2017,,YES,CATALOG_RC2,RC2_HUMAN_REVIEWED,,CF88:ART.5:INC.XLII,YES,CF88:ART.5:INC.XLII,WORK_REFERENCE:EXP-LIV-008@CF88:ART.5:INC.XLII
Art. 5,CF88:ART.5:INC.XLII,CF88.5.XLII,INCISO,EXP-DOC-009,AmarElo — É Tudo Pra Ontem,DOCUMENTÁRIO,2020,8.4,YES,CATALOG_RC2,RC2_HUMAN_REVIEWED,,CF88:ART.5:INC.XLII,YES,CF88:ART.5:INC.XLII,WORK_REFERENCE:EXP-DOC-009@CF88:ART.5:INC.XLII
Art. 5,CF88:ART.5:INC.XLII,CF88.5.XLII,INCISO,EXP-LIV-010,Borderlands/La Frontera: The New Mestiza,LIVRO,1987,8.0,YES,CATALOG_RC2,RC2_HUMAN_REVIEWED,,CF88:ART.5:INC.XLII,YES,CF88:ART.5:INC.XLII,WORK_REFERENCE:EXP-LIV-010@CF88:ART.5:INC.XLII
Art. 5,CF88:ART.5:INC.XLIX,CF88.5.XLIX,INCISO,REF-DOC-0002,A 13ª Emenda,DOCUMENTÁRIO,2016,7.0,YES,CATALOG_RC2,RC2_HUMAN_REVIEWED,,CF88:ART.5:INC.XLIX,YES,CF88:ART.5:INC.XLIX,WORK_REFERENCE:REF-DOC-0002@CF88:ART.5:INC.XLIX
Art. 5,CF88:ART.5:INC.XLIX,CF88.5.XLIX,INCISO,REF-SER-0001,Olhos que Condenam,SÉRIE,2019,6.5,YES,CATALOG_RC2,RC2_HUMAN_REVIEWED,,CF88:ART.5:INC.XLIX,YES,CF88:ART.5:INC.XLIX,WORK_REFERENCE:REF-SER-0001@CF88:ART.5:INC.XLIX
Art. 5,CF88:ART.5:INC.LIV,CF88.5.LIV,INCISO,REF-FIL-0001,12 Homens e uma Sentença,FILME,1957,9.2,YES,CATALOG_RC2,RC2_HUMAN_REVIEWED,,CF88:ART.5:INC.LIV,YES,CF88:ART.5:INC.LIV,WORK_REFERENCE:REF-FIL-0001@CF88:ART.5:INC.LIV
Art. 5,CF88:ART.5:INC.LIV,CF88.5.LIV,INCISO,REF-LIV-0002,O Processo,LIVRO,1925,9.2,YES,CATALOG_RC2,RC2_HUMAN_REVIEWED,,CF88:ART.5:INC.LIV,YES,CF88:ART.5:INC.LIV,WORK_REFERENCE:REF-LIV-0002@CF88:ART.5:INC.LIV
Art. 5,CF88:ART.5:INC.LIV,CF88.5.LIV,INCISO,REF-SER-0001,Olhos que Condenam,SÉRIE,2019,9.2,YES,CATALOG_RC2,RC2_HUMAN_REVIEWED,,CF88:ART.5:INC.LIV,YES,CF88:ART.5:INC.LIV,WORK_REFERENCE:REF-SER-0001@CF88:ART.5:INC.LIV
Art. 5,CF88:ART.5:INC.LV,CF88.5.LV,INCISO,REF-LIV-0002,O Processo,LIVRO,1925,8.8,YES,CATALOG_RC2,RC2_HUMAN_REVIEWED,,CF88:ART.5:INC.LV,YES,CF88:ART.5:INC.LV,WORK_REFERENCE:REF-LIV-0002@CF88:ART.5:INC.LV
Art. 5,CF88:ART.5:INC.LVII,CF88.5.LVII,INCISO,REF-FIL-0001,12 Homens e uma Sentença,FILME,1957,8.5,YES,CATALOG_RC2,RC2_HUMAN_REVIEWED,,CF88:ART.5:INC.LVII,YES,CF88:ART.5:INC.LVII,WORK_REFERENCE:REF-FIL-0001@CF88:ART.5:INC.LVII
Art. 5,CF88:ART.5:INC.LXXIX,CF88.5.LXXIX,INCISO,REF-FIL-0003,A Vida dos Outros,FILME,2006,9.1,YES,CATALOG_RC2,RC2_HUMAN_REVIEWED,,CF88:ART.5:INC.LXXIX,YES,CF88:ART.5:INC.LXXIX,WORK_REFERENCE:REF-FIL-0003@CF88:ART.5:INC.LXXIX
Art. 5,CF88:ART.5:INC.LXXIX,CF88.5.LXXIX,INCISO,REF-DOC-0001,Privacidade Hackeada,DOCUMENTÁRIO,2019,9.1,YES,CATALOG_RC2,RC2_HUMAN_REVIEWED,,CF88:ART.5:INC.LXXIX,YES,CF88:ART.5:INC.LXXIX,WORK_REFERENCE:REF-DOC-0001@CF88:ART.5:INC.LXXIX
Art. 6,CF88:ART.6:CAPUT,CF88.6.CAPUT,CAPUT,EXP-LIV-008,A Cor da Lei,LIVRO,2017,7.5,YES,CATALOG_RC2,RC2_HUMAN_REVIEWED,,CF88:ART.6,YES,CF88:ART.6+CF88:ART.6:CAPUT,WORK_REFERENCE:EXP-LIV-008@CF88:ART.6:CAPUT
Art. 6,CF88:ART.6:CAPUT,CF88.6.CAPUT,CAPUT,REF-LIV-0007,Ensaio sobre a Cegueira,LIVRO,1995,,YES,CATALOG_RC2,RC2_HUMAN_REVIEWED,,CF88:ART.6,YES,CF88:ART.6+CF88:ART.6:CAPUT,WORK_REFERENCE:REF-LIV-0007@CF88:ART.6:CAPUT
Art. 6,CF88:ART.6:CAPUT,CF88.6.CAPUT,CAPUT,EXP-FIL-006,"Eu, Daniel Blake",FILME,2016,7.3,YES,CATALOG_RC2,RC2_HUMAN_REVIEWED,,CF88:ART.6,YES,CF88:ART.6+CF88:ART.6:CAPUT,WORK_REFERENCE:EXP-FIL-006@CF88:ART.6:CAPUT
Art. 6,CF88:ART.6:CAPUT,CF88.6.CAPUT,CAPUT,REF-FIL-0004,Filadélfia,FILME,1993,7.6,YES,CATALOG_RC2,RC2_HUMAN_REVIEWED,,CF88:ART.6,YES,CF88:ART.6+CF88:ART.6:CAPUT,WORK_REFERENCE:REF-FIL-0004@CF88:ART.6:CAPUT
Art. 6,CF88:ART.6:CAPUT,CF88.6.CAPUT,CAPUT,REF-DOC-0004,Ilha das Flores,DOCUMENTÁRIO,1989,7.3,YES,CATALOG_RC2,RC2_HUMAN_REVIEWED,,CF88:ART.6,YES,CF88:ART.6+CF88:ART.6:CAPUT,WORK_REFERENCE:REF-DOC-0004@CF88:ART.6:CAPUT
Art. 6,CF88:ART.6:CAPUT,CF88.6.CAPUT,CAPUT,REF-LIV-0004,Quarto de Despejo,LIVRO,1960,8.7,YES,CATALOG_RC2,RC2_HUMAN_REVIEWED,,CF88:ART.6,YES,CF88:ART.6+CF88:ART.6:CAPUT,WORK_REFERENCE:REF-LIV-0004@CF88:ART.6:CAPUT
Art. 7,CF88:ART.7:INC.IV,CF88.7.IV,INCISO,EXP-LIV-004,Cidadania no Brasil: O Longo Caminho,LIVRO,2001,5.9,YES,CATALOG_RC2,RC2_HUMAN_REVIEWED,,CF88:ART.7:INC.IV,YES,CF88:ART.7:INC.IV,WORK_REFERENCE:EXP-LIV-004@CF88:ART.7:INC.IV
Art. 7,CF88:ART.7:INC.XXXIII,CF88.7.XXXIII,INCISO,EXP-JOG-003,Frostpunk,JOGO,2018,7.8,NO,REFERENCE_EXPANSION_01,HUMAN_APPROVED_REFERENCE_V1,ADJUST_APPROVE,CF88:ART.7:INC.XXXIII,YES,CF88:ART.7:INC.XXXIII,WORK_REFERENCE:EXP-JOG-003@CF88:ART.7:INC.XXXIII
Art. 14,CF88:ART.14:CAPUT,CF88.14.CAPUT,CAPUT,REF-FIL-0005,Selma,FILME,2014,7.4,YES,CATALOG_RC2,RC2_HUMAN_REVIEWED,,CF88:ART.14,YES,CF88:ART.14+CF88:ART.14:CAPUT,WORK_REFERENCE:REF-FIL-0005@CF88:ART.14:CAPUT
Art. 23,CF88:ART.23:INC.IX,CF88.23.IX,INCISO,EXP-SER-006,Show Me a Hero,SÉRIE,2015,7.7,YES,CATALOG_RC2,RC2_HUMAN_REVIEWED,,CF88:ART.23:INC.IX,YES,CF88:ART.23:INC.IX,WORK_REFERENCE:EXP-SER-006@CF88:ART.23:INC.IX
Art. 37,CF88:ART.37:CAPUT,CF88.37.CAPUT,CAPUT,EXP-LIV-002,Os Donos do Poder,LIVRO,1958,8.6,NO,REFERENCE_EXPANSION_01,HUMAN_APPROVED_REFERENCE_V1,APPROVE,CF88:ART.37,YES,CF88:ART.37+CF88:ART.37:CAPUT,WORK_REFERENCE:EXP-LIV-002@CF88:ART.37:CAPUT
Art. 37,CF88:ART.37:CAPUT,CF88.37.CAPUT,CAPUT,EXP-LIV-001,Raízes do Brasil,LIVRO,1936,8.0,NO,REFERENCE_EXPANSION_01,HUMAN_APPROVED_REFERENCE_V1,APPROVE,CF88:ART.37,YES,CF88:ART.37+CF88:ART.37:CAPUT,WORK_REFERENCE:EXP-LIV-001@CF88:ART.37:CAPUT
Art. 43,CF88:ART.43:CAPUT,CF88.43.CAPUT,CAPUT,EXP-LIV-003,Formação Econômica do Brasil,LIVRO,1959,8.6,NO,REFERENCE_EXPANSION_01,HUMAN_APPROVED_REFERENCE_V1,APPROVE,CF88:ART.43,YES,CF88:ART.43+CF88:ART.43:CAPUT,WORK_REFERENCE:EXP-LIV-003@CF88:ART.43:CAPUT
Art. 43,CF88:ART.43:PAR.2:INC.IV,CF88.43.2.IV,INCISO,EXP2-LIV-040,Vidas Secas,LIVRO,1938,8.4,NO,REFERENCE_EXPANSION_01,HUMAN_APPROVED_REFERENCE_V1,APPROVE,CF88:ART.43:PAR.2:INC.IV,YES,CF88:ART.43:PAR.2:INC.IV,WORK_REFERENCE:EXP2-LIV-040@CF88:ART.43:PAR.2:INC.IV
Art. 52,CF88:ART.52:INC.I,CF88.52.I,INCISO,EXP-DOC-005,O Processo,DOCUMENTÁRIO,2018,7.4,NO,REFERENCE_EXPANSION_01,HUMAN_APPROVED_REFERENCE_V1,APPROVE,CF88:ART.52:INC.I,YES,CF88:ART.52:INC.I,WORK_REFERENCE:EXP-DOC-005@CF88:ART.52:INC.I
Art. 58,CF88:ART.58:PAR.3,CF88.58.3,PARAGRAFO,EXP2-FIL-039,Tropa de Elite 2: O Inimigo Agora É Outro,FILME,2010,7.6,NO,REFERENCE_EXPANSION_01,HUMAN_APPROVED_REFERENCE_V1,APPROVE,CF88:ART.58:PAR.3,YES,CF88:ART.58:PAR.3,WORK_REFERENCE:EXP2-FIL-039@CF88:ART.58:PAR.3
Art. 62,CF88:ART.62:CAPUT,CF88.62.CAPUT,CAPUT,EXP-JOG-002,Suzerain,JOGO,2020,7.4,NO,REFERENCE_EXPANSION_01,HUMAN_APPROVED_REFERENCE_V1,ADJUST_APPROVE,CF88:ART.62,YES,CF88:ART.62+CF88:ART.62:CAPUT,WORK_REFERENCE:EXP-JOG-002@CF88:ART.62:CAPUT
Art. 86,CF88:ART.86:CAPUT,CF88.86.CAPUT,CAPUT,EXP-DOC-006,Excelentíssimos,DOCUMENTÁRIO,2018,7.6,NO,REFERENCE_EXPANSION_01,HUMAN_APPROVED_REFERENCE_V1,APPROVE,CF88:ART.86,YES,CF88:ART.86+CF88:ART.86:CAPUT,WORK_REFERENCE:EXP-DOC-006@CF88:ART.86:CAPUT
Art. 134,CF88:ART.134:CAPUT,CF88.134.CAPUT,CAPUT,EXP2-FIL-006,Luta por Justiça,FILME,2019,7.8,NO,REFERENCE_EXPANSION_01,HUMAN_APPROVED_REFERENCE_V1,APPROVE,CF88:ART.134,YES,CF88:ART.134+CF88:ART.134:CAPUT,WORK_REFERENCE:EXP2-FIL-006@CF88:ART.134:CAPUT
Art. 144,CF88:ART.144:PAR.5,CF88.144.5,PARAGRAFO,EXP2-FIL-038,Tropa de Elite,FILME,2007,7.4,NO,REFERENCE_EXPANSION_01,HUMAN_APPROVED_REFERENCE_V1,APPROVE,CF88:ART.144:PAR.5,YES,CF88:ART.144:PAR.5,WORK_REFERENCE:EXP2-FIL-038@CF88:ART.144:PAR.5
Art. 144,CF88:ART.144:PAR.7,CF88.144.7,PARAGRAFO,EXP-SER-002,A Escuta,SÉRIE,2002,7.2,NO,REFERENCE_EXPANSION_01,HUMAN_APPROVED_REFERENCE_V1,APPROVE,CF88:ART.144:PAR.7,YES,CF88:ART.144:PAR.7,WORK_REFERENCE:EXP-SER-002@CF88:ART.144:PAR.7
Art. 145,CF88:ART.145:PAR.1,CF88.145.1,PARAGRAFO,EXP-LIV-009,O Triunfo da Injustiça,LIVRO,2019,8.2,NO,REFERENCE_EXPANSION_01,HUMAN_APPROVED_REFERENCE_V1,APPROVE,CF88:ART.145:PAR.1,YES,CF88:ART.145:PAR.1,WORK_REFERENCE:EXP-LIV-009@CF88:ART.145:PAR.1
Art. 170,CF88:ART.170:CAPUT,CF88.170.CAPUT,CAPUT,EXP-DOC-002,Capital no Século XXI,DOCUMENTÁRIO,2019,,YES,CATALOG_RC2,RC2_HUMAN_REVIEWED,,CF88:ART.170,YES,CF88:ART.170+CF88:ART.170:CAPUT,WORK_REFERENCE:EXP-DOC-002@CF88:ART.170:CAPUT
Art. 170,CF88:ART.170:CAPUT,CF88.170.CAPUT,CAPUT,EXP-DOC-003,Desigualdade para Todos,DOCUMENTÁRIO,2013,6.5,YES,CATALOG_RC2,RC2_HUMAN_REVIEWED,,CF88:ART.170,YES,CF88:ART.170+CF88:ART.170:CAPUT,WORK_REFERENCE:EXP-DOC-003@CF88:ART.170:CAPUT
Art. 170,CF88:ART.170:CAPUT,CF88.170.CAPUT,CAPUT,EXP-FIL-006,"Eu, Daniel Blake",FILME,2016,,YES,CATALOG_RC2,RC2_HUMAN_REVIEWED,,CF88:ART.170,YES,CF88:ART.170+CF88:ART.170:CAPUT,WORK_REFERENCE:EXP-FIL-006@CF88:ART.170:CAPUT
Art. 170,CF88:ART.170:CAPUT,CF88.170.CAPUT,CAPUT,REF-DOC-0004,Ilha das Flores,DOCUMENTÁRIO,1989,,YES,CATALOG_RC2,RC2_HUMAN_REVIEWED,,CF88:ART.170,YES,CF88:ART.170+CF88:ART.170:CAPUT,WORK_REFERENCE:REF-DOC-0004@CF88:ART.170:CAPUT
Art. 170,CF88:ART.170:CAPUT,CF88.170.CAPUT,CAPUT,EXP-LIV-009,O Triunfo da Injustiça,LIVRO,2019,,YES,CATALOG_RC2,RC2_HUMAN_REVIEWED,,CF88:ART.170,YES,CF88:ART.170+CF88:ART.170:CAPUT,WORK_REFERENCE:EXP-LIV-009@CF88:ART.170:CAPUT
Art. 170,CF88:ART.170:CAPUT,CF88.170.CAPUT,CAPUT,REF-LIV-0004,Quarto de Despejo,LIVRO,1960,,YES,CATALOG_RC2,RC2_HUMAN_REVIEWED,,CF88:ART.170,YES,CF88:ART.170+CF88:ART.170:CAPUT,WORK_REFERENCE:REF-LIV-0004@CF88:ART.170:CAPUT
Art. 170,CF88:ART.170:INC.II,CF88.170.II,INCISO,EXP-FIL-005,Leviatã,FILME,2014,6.6,YES,CATALOG_RC2,RC2_HUMAN_REVIEWED,,CF88:ART.170:INC.II,YES,CF88:ART.170:INC.II,WORK_REFERENCE:EXP-FIL-005@CF88:ART.170:INC.II
Art. 170,CF88:ART.170:INC.VI,CF88.170.VI,INCISO,REF-SER-0003,Chernobyl,SÉRIE,2019,8.8,YES,CATALOG_RC2,RC2_HUMAN_REVIEWED,,CF88:ART.170:INC.VI,YES,CF88:ART.170:INC.VI,WORK_REFERENCE:REF-SER-0003@CF88:ART.170:INC.VI
Art. 170,CF88:ART.170:INC.VI,CF88.170.VI,INCISO,REF-FIL-0007,O Preço da Verdade,FILME,2019,9.2,YES,CATALOG_RC2,RC2_HUMAN_REVIEWED,,CF88:ART.170:INC.VI,YES,CF88:ART.170:INC.VI,WORK_REFERENCE:REF-FIL-0007@CF88:ART.170:INC.VI
Art. 170,CF88:ART.170:INC.VII,CF88.170.VII,INCISO,EXP-DOC-002,Capital no Século XXI,DOCUMENTÁRIO,2019,5.8,YES,CATALOG_RC2,RC2_HUMAN_REVIEWED,,CF88:ART.170:INC.VII,YES,CF88:ART.170:INC.VII,WORK_REFERENCE:EXP-DOC-002@CF88:ART.170:INC.VII
Art. 170,CF88:ART.170:INC.VII,CF88.170.VII,INCISO,EXP-DOC-003,Desigualdade para Todos,DOCUMENTÁRIO,2013,5.8,YES,CATALOG_RC2,RC2_HUMAN_REVIEWED,,CF88:ART.170:INC.VII,YES,CF88:ART.170:INC.VII,WORK_REFERENCE:EXP-DOC-003@CF88:ART.170:INC.VII
Art. 170,CF88:ART.170:INC.VII,CF88.170.VII,INCISO,EXP-FIL-006,"Eu, Daniel Blake",FILME,2016,6.6,YES,CATALOG_RC2,RC2_HUMAN_REVIEWED,,CF88:ART.170:INC.VII,YES,CF88:ART.170:INC.VII,WORK_REFERENCE:EXP-FIL-006@CF88:ART.170:INC.VII
Art. 170,CF88:ART.170:INC.VII,CF88.170.VII,INCISO,REF-DOC-0004,Ilha das Flores,DOCUMENTÁRIO,1989,7.8,YES,CATALOG_RC2,RC2_HUMAN_REVIEWED,,CF88:ART.170:INC.VII,YES,CF88:ART.170:INC.VII,WORK_REFERENCE:REF-DOC-0004@CF88:ART.170:INC.VII
Art. 170,CF88:ART.170:INC.VII,CF88.170.VII,INCISO,EXP-LIV-009,O Triunfo da Injustiça,LIVRO,2019,,YES,CATALOG_RC2,RC2_HUMAN_REVIEWED,,CF88:ART.170:INC.VII,YES,CF88:ART.170:INC.VII,WORK_REFERENCE:EXP-LIV-009@CF88:ART.170:INC.VII
Art. 170,CF88:ART.170:INC.VII,CF88.170.VII,INCISO,REF-LIV-0004,Quarto de Despejo,LIVRO,1960,8.3,YES,CATALOG_RC2,RC2_HUMAN_REVIEWED,,CF88:ART.170:INC.VII,YES,CF88:ART.170:INC.VII,WORK_REFERENCE:REF-LIV-0004@CF88:ART.170:INC.VII
Art. 182,CF88:ART.182:CAPUT,CF88.182.CAPUT,CAPUT,EXP-DOC-010,Citizen Jane: Battle for the City,DOCUMENTÁRIO,2016,8.2,NO,REFERENCE_EXPANSION_01,HUMAN_APPROVED_REFERENCE_V1,APPROVE,CF88:ART.182,YES,CF88:ART.182+CF88:ART.182:CAPUT,WORK_REFERENCE:EXP-DOC-010@CF88:ART.182:CAPUT
Art. 182,CF88:ART.182:PAR.1,CF88.182.1,PARAGRAFO,EXP-JOG-004,Cities: Skylines,JOGO,2015,7.6,NO,REFERENCE_EXPANSION_01,HUMAN_APPROVED_REFERENCE_V1,APPROVE,CF88:ART.182:PAR.1,YES,CF88:ART.182:PAR.1,WORK_REFERENCE:EXP-JOG-004@CF88:ART.182:PAR.1
Art. 184,CF88:ART.184:CAPUT,CF88.184.CAPUT,CAPUT,EXP-DOC-008,Cabra Marcado para Morrer,DOCUMENTÁRIO,1984,7.8,NO,REFERENCE_EXPANSION_01,HUMAN_APPROVED_REFERENCE_V1,APPROVE,CF88:ART.184,YES,CF88:ART.184+CF88:ART.184:CAPUT,WORK_REFERENCE:EXP-DOC-008@CF88:ART.184:CAPUT
Art. 192,CF88:ART.192,CF88.192,ARTIGO,EXP-FIL-007,A Grande Aposta,FILME,2015,7.8,NO,REFERENCE_EXPANSION_01,HUMAN_APPROVED_REFERENCE_V1,APPROVE,CF88:ART.192,YES,CF88:ART.192+CF88:ART.192:CAPUT,WORK_REFERENCE:EXP-FIL-007@CF88:ART.192
Art. 193,CF88:ART.193:CAPUT,CF88.193.CAPUT,CAPUT,EXP-DOC-002,Capital no Século XXI,DOCUMENTÁRIO,2019,,YES,CATALOG_RC2,RC2_HUMAN_REVIEWED,,CF88:ART.193,YES,CF88:ART.193+CF88:ART.193:CAPUT,WORK_REFERENCE:EXP-DOC-002@CF88:ART.193:CAPUT
Art. 193,CF88:ART.193:CAPUT,CF88.193.CAPUT,CAPUT,EXP-DOC-003,Desigualdade para Todos,DOCUMENTÁRIO,2013,6.8,YES,CATALOG_RC2,RC2_HUMAN_REVIEWED,,CF88:ART.193,YES,CF88:ART.193+CF88:ART.193:CAPUT,WORK_REFERENCE:EXP-DOC-003@CF88:ART.193:CAPUT
Art. 193,CF88:ART.193:CAPUT,CF88.193.CAPUT,CAPUT,EXP-LIV-009,O Triunfo da Injustiça,LIVRO,2019,,YES,CATALOG_RC2,RC2_HUMAN_REVIEWED,,CF88:ART.193,YES,CF88:ART.193+CF88:ART.193:CAPUT,WORK_REFERENCE:EXP-LIV-009@CF88:ART.193:CAPUT
Art. 194,CF88:ART.194:CAPUT,CF88.194.CAPUT,CAPUT,EXP-FIL-006,"Eu, Daniel Blake",FILME,2016,6.0,YES,CATALOG_RC2,RC2_HUMAN_REVIEWED,,CF88:ART.194,YES,CF88:ART.194+CF88:ART.194:CAPUT,WORK_REFERENCE:EXP-FIL-006@CF88:ART.194:CAPUT
Art. 201,CF88:ART.201:INC.I,CF88.201.I,INCISO,EXP-FIL-006,"Eu, Daniel Blake",FILME,2016,8.4,NO,REFERENCE_EXPANSION_01,HUMAN_APPROVED_REFERENCE_V1,APPROVE,CF88:ART.201:INC.I,YES,CF88:ART.201:INC.I,WORK_REFERENCE:EXP-FIL-006@CF88:ART.201:INC.I
Art. 203,CF88:ART.203:INC.VI,CF88.203.VI,INCISO,EXP-FIL-006,"Eu, Daniel Blake",FILME,2016,6.2,YES,CATALOG_RC2,RC2_HUMAN_REVIEWED,,CF88:ART.203:INC.VI,YES,CF88:ART.203:INC.VI,WORK_REFERENCE:EXP-FIL-006@CF88:ART.203:INC.VI
Art. 203,CF88:ART.203:INC.VI,CF88.203.VI,INCISO,REF-DOC-0004,Ilha das Flores,DOCUMENTÁRIO,1989,7.5,YES,CATALOG_RC2,RC2_HUMAN_REVIEWED,,CF88:ART.203:INC.VI,YES,CF88:ART.203:INC.VI,WORK_REFERENCE:REF-DOC-0004@CF88:ART.203:INC.VI
Art. 203,CF88:ART.203:INC.VI,CF88.203.VI,INCISO,REF-LIV-0004,Quarto de Despejo,LIVRO,1960,8.3,YES,CATALOG_RC2,RC2_HUMAN_REVIEWED,,CF88:ART.203:INC.VI,YES,CF88:ART.203:INC.VI,WORK_REFERENCE:REF-LIV-0004@CF88:ART.203:INC.VI
Art. 205,CF88:ART.205:CAPUT,CF88.205.CAPUT,CAPUT,EXP-LIV-004,Cidadania no Brasil: O Longo Caminho,LIVRO,2001,6.9,YES,CATALOG_RC2,RC2_HUMAN_REVIEWED,,CF88:ART.205,YES,CF88:ART.205+CF88:ART.205:CAPUT,WORK_REFERENCE:EXP-LIV-004@CF88:ART.205:CAPUT
Art. 215,CF88:ART.215:PAR.1,CF88.215.1,PARAGRAFO,EXP-JOG-006,Never Alone (Kisima Inŋitchuŋa),JOGO,2014,7.4,NO,REFERENCE_EXPANSION_01,HUMAN_APPROVED_REFERENCE_V1,APPROVE,CF88:ART.215:PAR.1,YES,CF88:ART.215:PAR.1,WORK_REFERENCE:EXP-JOG-006@CF88:ART.215:PAR.1
Art. 220,CF88:ART.220:CAPUT,CF88.220.CAPUT,CAPUT,REF-FIL-0006,The Post: A Guerra Secreta,FILME,2017,8.4,YES,CATALOG_RC2,RC2_HUMAN_REVIEWED,,CF88:ART.220,YES,CF88:ART.220+CF88:ART.220:CAPUT,WORK_REFERENCE:REF-FIL-0006@CF88:ART.220:CAPUT
Art. 220,CF88:ART.220:PAR.2,CF88.220.2,PARAGRAFO,REF-LIV-0001,1984,LIVRO,1949,8.3,YES,CATALOG_RC2,RC2_HUMAN_REVIEWED,,CF88:ART.220:PAR.2,YES,CF88:ART.220:PAR.2,WORK_REFERENCE:REF-LIV-0001@CF88:ART.220:PAR.2
Art. 220,CF88:ART.220:PAR.2,CF88.220.2,PARAGRAFO,REF-FIL-0006,The Post: A Guerra Secreta,FILME,2017,9.2,YES,CATALOG_RC2,RC2_HUMAN_REVIEWED,,CF88:ART.220:PAR.2,YES,CF88:ART.220:PAR.2,WORK_REFERENCE:REF-FIL-0006@CF88:ART.220:PAR.2
Art. 220,CF88:ART.220:PAR.2,CF88.220.2,PARAGRAFO,REF-FIL-0002,V de Vingança,FILME,2005,8.5,YES,CATALOG_RC2,RC2_HUMAN_REVIEWED,,CF88:ART.220:PAR.2,YES,CF88:ART.220:PAR.2,WORK_REFERENCE:REF-FIL-0002@CF88:ART.220:PAR.2
Art. 225,CF88:ART.225:CAPUT,CF88.225.CAPUT,CAPUT,REF-SER-0003,Chernobyl,SÉRIE,2019,8.4,YES,CATALOG_RC2,RC2_HUMAN_REVIEWED,,CF88:ART.225,YES,CF88:ART.225+CF88:ART.225:CAPUT,WORK_REFERENCE:REF-SER-0003@CF88:ART.225:CAPUT
Art. 225,CF88:ART.225:CAPUT,CF88.225.CAPUT,CAPUT,REF-FIL-0007,O Preço da Verdade,FILME,2019,8.8,YES,CATALOG_RC2,RC2_HUMAN_REVIEWED,,CF88:ART.225,YES,CF88:ART.225+CF88:ART.225:CAPUT,WORK_REFERENCE:REF-FIL-0007@CF88:ART.225:CAPUT
Art. 226,CF88:ART.226:PAR.7,CF88.226.7,PARAGRAFO,REF-SER-0002,The Handmaid's Tale,SÉRIE,2017,7.5,YES,CATALOG_RC2,RC2_HUMAN_REVIEWED,,CF88:ART.226:PAR.7,YES,CF88:ART.226:PAR.7,WORK_REFERENCE:REF-SER-0002@CF88:ART.226:PAR.7
Art. 227,CF88:ART.227:CAPUT,CF88.227.CAPUT,CAPUT,REF-LIV-0004,Quarto de Despejo,LIVRO,1960,7.4,YES,CATALOG_RC2,RC2_HUMAN_REVIEWED,,CF88:ART.227,YES,CF88:ART.227+CF88:ART.227:CAPUT,WORK_REFERENCE:REF-LIV-0004@CF88:ART.227:CAPUT
Art. 231,CF88:ART.231:CAPUT,CF88.231.CAPUT,CAPUT,EXP-DOC-007,Martírio,DOCUMENTÁRIO,2016,8.6,NO,REFERENCE_EXPANSION_01,HUMAN_APPROVED_REFERENCE_V1,APPROVE,CF88:ART.231,YES,CF88:ART.231+CF88:ART.231:CAPUT,WORK_REFERENCE:EXP-DOC-007@CF88:ART.231:CAPUT
ADCT art. 68,ADCT:ART.68,ADCT.68,ARTIGO,EXP-LIV-005,Torto Arado,LIVRO,2019,9.2,NO,REFERENCE_EXPANSION_01,HUMAN_APPROVED_REFERENCE_V1,ADJUST_APPROVE,ADCT:ART.68,YES,ADCT:ART.68,WORK_REFERENCE:EXP-LIV-005@ADCT:ART.68
