candidate_id,path,family,lot,file_count,size_bytes,protected_members,idx,inventory_sha256_pre,inventory_sha256_post,byte_identity_verified,ledger_events,rollback_from,rollback_to,rollback_possible
W2R-062,LEX_MACHINA_REFERENCIAS_ENGINE_V1_4_ALPHA3,REFERENCIAS_V1,P545E_1,11,35676,11,0,44298f688c521b9c5793edd27c6e428bd3aa585156b27422ca27cbe52f79e421,44298f688c521b9c5793edd27c6e428bd3aa585156b27422ca27cbe52f79e421,True,"[1, 11]",C:\LMA\p545e\20260928\LEX_MACHINA_REFERENCIAS_ENGINE_V1_4_ALPHA3,C:\GitHub\LEX-MACHINA\LEX_MACHINA_REFERENCIAS_ENGINE_V1_4_ALPHA3,True
W2R-061,LEX_MACHINA_REFERENCIAS_ENGINE_V1_4_ALPHA2,REFERENCIAS_V1,P545E_1,7,45079,7,0,d440ba700704d5adf57022f2e7716f8723ddd38e09e8bb7d771bdcb46a0d6923,d440ba700704d5adf57022f2e7716f8723ddd38e09e8bb7d771bdcb46a0d6923,True,"[12, 18]",C:\LMA\p545e\20260928\LEX_MACHINA_REFERENCIAS_ENGINE_V1_4_ALPHA2,C:\GitHub\LEX-MACHINA\LEX_MACHINA_REFERENCIAS_ENGINE_V1_4_ALPHA2,True
W2R-060,LEX_MACHINA_REFERENCIAS_ENGINE_V1_4_ALPHA,REFERENCIAS_V1,P545E_1,7,52129,7,0,a362e28447c18395093cfb6dac2b3b7581e3ca49215cf133e552bc188cba238d,a362e28447c18395093cfb6dac2b3b7581e3ca49215cf133e552bc188cba238d,True,"[19, 25]",C:\LMA\p545e\20260928\LEX_MACHINA_REFERENCIAS_ENGINE_V1_4_ALPHA,C:\GitHub\LEX-MACHINA\LEX_MACHINA_REFERENCIAS_ENGINE_V1_4_ALPHA,True
W2R-051,LEX_MACHINA_REFERENCIAS_CF_J5_1,REFERENCIAS_V1,P545E_1,2,81566,2,0,0ce15825b029b88d10bc60de20c6d8d46ed53ff0d9cb29b474a94bbcdffc9c30,0ce15825b029b88d10bc60de20c6d8d46ed53ff0d9cb29b474a94bbcdffc9c30,True,"[26, 27]",C:\LMA\p545e\20260928\LEX_MACHINA_REFERENCIAS_CF_J5_1,C:\GitHub\LEX-MACHINA\LEX_MACHINA_REFERENCIAS_CF_J5_1,True
W2R-050,LEX_MACHINA_REFERENCIAS_CF_J5,REFERENCIAS_V1,P545E_1,6,100385,6,0,e963f94d2d6906f900f8ba0e37450ac99950b287957e9cd842515a4e7e4c57ac,e963f94d2d6906f900f8ba0e37450ac99950b287957e9cd842515a4e7e4c57ac,True,"[28, 33]",C:\LMA\p545e\20260928\LEX_MACHINA_REFERENCIAS_CF_J5,C:\GitHub\LEX-MACHINA\LEX_MACHINA_REFERENCIAS_CF_J5,True
W2R-046,LEX_MACHINA_REFERENCIAS_CATALOGO_EXPANSAO_V1,REFERENCIAS_V1,P545E_1,7,127575,7,0,f08c7de05833026ffd90cbe456713d48d715c169f80748407aa1a9041b76777e,f08c7de05833026ffd90cbe456713d48d715c169f80748407aa1a9041b76777e,True,"[34, 40]",C:\LMA\p545e\20260928\LEX_MACHINA_REFERENCIAS_CATALOGO_EXPANSAO_V1,C:\GitHub\LEX-MACHINA\LEX_MACHINA_REFERENCIAS_CATALOGO_EXPANSAO_V1,True
W2R-069,LEX_MACHINA_REFERENCIAS_VALIDACAO_EXTERNA_R7_V1,REFERENCIAS_V1,P545E_1,5,154331,5,0,3eb25a4fa71fad2f05ffdefec21313e035c7f31469fb6a71e209ca88b288a788,3eb25a4fa71fad2f05ffdefec21313e035c7f31469fb6a71e209ca88b288a788,True,"[41, 45]",C:\LMA\p545e\20260928\LEX_MACHINA_REFERENCIAS_VALIDACAO_EXTERNA_R7_V1,C:\GitHub\LEX-MACHINA\LEX_MACHINA_REFERENCIAS_VALIDACAO_EXTERNA_R7_V1,True
W2R-041,LEX_MACHINA_REFERENCIAS_AUDITORIA_CONTRATO_ENGINE_V1,REFERENCIAS_V1,P545E_1,10,162521,10,0,0b85bda7b716eb7a9efeb827fa620c291f1c7570c0ee32777b2250db5829cbdf,0b85bda7b716eb7a9efeb827fa620c291f1c7570c0ee32777b2250db5829cbdf,True,"[46, 55]",C:\LMA\p545e\20260928\LEX_MACHINA_REFERENCIAS_AUDITORIA_CONTRATO_ENGINE_V1,C:\GitHub\LEX-MACHINA\LEX_MACHINA_REFERENCIAS_AUDITORIA_CONTRATO_ENGINE_V1,True
W2R-042,LEX_MACHINA_REFERENCIAS_AVALIACAO_J5_LOTE45_V1,REFERENCIAS_V1,P545E_1,8,165113,8,0,60891746eb2e811502a1167baab999db9400f99600ba110e957dc523d424d54c,60891746eb2e811502a1167baab999db9400f99600ba110e957dc523d424d54c,True,"[56, 63]",C:\LMA\p545e\20260928\LEX_MACHINA_REFERENCIAS_AVALIACAO_J5_LOTE45_V1,C:\GitHub\LEX-MACHINA\LEX_MACHINA_REFERENCIAS_AVALIACAO_J5_LOTE45_V1,True
W2R-053,LEX_MACHINA_REFERENCIAS_DIAGNOSTICO_NUCLEOS_V1,REFERENCIAS_V1,P545E_1,8,238381,8,0,5a2d9bf3d602e31386109bbcacadb6559e8185dd94ac153a1d7af0aa9bccaae7,5a2d9bf3d602e31386109bbcacadb6559e8185dd94ac153a1d7af0aa9bccaae7,True,"[64, 71]",C:\LMA\p545e\20260928\LEX_MACHINA_REFERENCIAS_DIAGNOSTICO_NUCLEOS_V1,C:\GitHub\LEX-MACHINA\LEX_MACHINA_REFERENCIAS_DIAGNOSTICO_NUCLEOS_V1,True
W2R-047,LEX_MACHINA_REFERENCIAS_CATALOGO_LOTE_45_V1,REFERENCIAS_V1,P545E_1,8,316045,8,0,a18d8f2002af0471c31bab7de0ce04de371fb8954d831d00441eb51179b8a677,a18d8f2002af0471c31bab7de0ce04de371fb8954d831d00441eb51179b8a677,True,"[72, 79]",C:\LMA\p545e\20260928\LEX_MACHINA_REFERENCIAS_CATALOGO_LOTE_45_V1,C:\GitHub\LEX-MACHINA\LEX_MACHINA_REFERENCIAS_CATALOGO_LOTE_45_V1,True
W2R-067,LEX_MACHINA_REFERENCIAS_TEMAS_LOTE45_V1,REFERENCIAS_V1,P545E_1,9,408005,9,0,c6313d2b4f762dd675d3f5c5bd04a4dd0ef920d124845f796d587dd6dd7e1139,c6313d2b4f762dd675d3f5c5bd04a4dd0ef920d124845f796d587dd6dd7e1139,True,"[80, 88]",C:\LMA\p545e\20260928\LEX_MACHINA_REFERENCIAS_TEMAS_LOTE45_V1,C:\GitHub\LEX-MACHINA\LEX_MACHINA_REFERENCIAS_TEMAS_LOTE45_V1,True
W2R-078,firmware/LEX_MACHINA_BACKUP_POS_CODEX_16-09,FIRMWARE_ANTIGO,P545E_1,4,831728,4,0,ea592e08c6278b39a2e3301ee4db031f8756d135ac11225e3d4273a067f90028,ea592e08c6278b39a2e3301ee4db031f8756d135ac11225e3d4273a067f90028,True,"[89, 92]",C:\LMA\p545e\20260928\firmware\LEX_MACHINA_BACKUP_POS_CODEX_16-09,C:\GitHub\LEX-MACHINA\firmware\LEX_MACHINA_BACKUP_POS_CODEX_16-09,True
W2R-079,firmware/LEX_MACHINA_v7.11.0_JURIS_CF_PILOTO,FIRMWARE_ANTIGO,P545E_1,6,882401,6,0,f96796a6a55bd11d11e0d4dca104591d0e0efd93ef96b0ede97006f2fba1965e,f96796a6a55bd11d11e0d4dca104591d0e0efd93ef96b0ede97006f2fba1965e,True,"[93, 98]",C:\LMA\p545e\20260928\firmware\LEX_MACHINA_v7.11.0_JURIS_CF_PILOTO,C:\GitHub\LEX-MACHINA\firmware\LEX_MACHINA_v7.11.0_JURIS_CF_PILOTO,True
W2R-080,firmware/LEX_MACHINA_v7.11.1_JURIS_CF_PILOTO,FIRMWARE_ANTIGO,P545E_1,7,890116,7,0,9b55277000fe3b3615b0c98dc5a7ffa94db74008eaa71ddef6816bb2185c4a72,9b55277000fe3b3615b0c98dc5a7ffa94db74008eaa71ddef6816bb2185c4a72,True,"[99, 105]",C:\LMA\p545e\20260928\firmware\LEX_MACHINA_v7.11.1_JURIS_CF_PILOTO,C:\GitHub\LEX-MACHINA\firmware\LEX_MACHINA_v7.11.1_JURIS_CF_PILOTO,True
W2R-063,LEX_MACHINA_REFERENCIAS_EXPERIMENTO_24_VS_69_V1,REFERENCIAS_V1,P545E_1,16,27973403,16,0,3b83bf0e87f1e00bb637327a079007601990f7e65fb9c98f51f9676faa8a05f6,3b83bf0e87f1e00bb637327a079007601990f7e65fb9c98f51f9676faa8a05f6,True,"[106, 121]",C:\LMA\p545e\20260928\LEX_MACHINA_REFERENCIAS_EXPERIMENTO_24_VS_69_V1,C:\GitHub\LEX-MACHINA\LEX_MACHINA_REFERENCIAS_EXPERIMENTO_24_VS_69_V1,True
W2R-036,LEX_MACHINA_JURIS_CF_J3,JURIS_CF_ETAPAS,P545E_3,35,40864,2,2,468737fcdfd92fc50bc93cffff2e62a5c4d07a1fc3362c66e0f0eb6e3981ff56,468737fcdfd92fc50bc93cffff2e62a5c4d07a1fc3362c66e0f0eb6e3981ff56,True,"[122, 123]",C:\LMA\p545e\20260928\LEX_MACHINA_JURIS_CF_J3,C:\GitHub\LEX-MACHINA\LEX_MACHINA_JURIS_CF_J3,True
W2R-035,LEX_MACHINA_JURIS_CF_J2_5,JURIS_CF_ETAPAS,P545E_3,13,260073,2,2,9f163b41008cdd8f41d9bf45d041f8a86db9440b7fe0337264736439bc01074d,9f163b41008cdd8f41d9bf45d041f8a86db9440b7fe0337264736439bc01074d,True,"[124, 125]",C:\LMA\p545e\20260928\LEX_MACHINA_JURIS_CF_J2_5,C:\GitHub\LEX-MACHINA\LEX_MACHINA_JURIS_CF_J2_5,True
W2R-038,LEX_MACHINA_JURIS_CF_J4_6,JURIS_CF_ETAPAS,P545E_3,229,279831,2,2,deb890736d206495355863b1d0ae009dd6fa61d89094655c42febd34cb83918a,deb890736d206495355863b1d0ae009dd6fa61d89094655c42febd34cb83918a,True,"[126, 127]",C:\LMA\p545e\20260928\LEX_MACHINA_JURIS_CF_J4_6,C:\GitHub\LEX-MACHINA\LEX_MACHINA_JURIS_CF_J4_6,True
W2R-034,LEX_MACHINA_JURIS_CF_J2,JURIS_CF_ETAPAS,P545E_3,14,347908,2,2,433bd8e0aac27021d38089a02a9a1f6ce3cbb06b8226c7e21fc79504c9911e99,433bd8e0aac27021d38089a02a9a1f6ce3cbb06b8226c7e21fc79504c9911e99,True,"[128, 129]",C:\LMA\p545e\20260928\LEX_MACHINA_JURIS_CF_J2,C:\GitHub\LEX-MACHINA\LEX_MACHINA_JURIS_CF_J2,True
W2R-037,LEX_MACHINA_JURIS_CF_J4,JURIS_CF_ETAPAS,P545E_3,84,7436773,2,2,d47aa18951b5272bf6319a56f6f53e71f7d8cdec0ebc9074b69ae23d56c2b3ff,d47aa18951b5272bf6319a56f6f53e71f7d8cdec0ebc9074b69ae23d56c2b3ff,True,"[130, 131]",C:\LMA\p545e\20260928\LEX_MACHINA_JURIS_CF_J4,C:\GitHub\LEX-MACHINA\LEX_MACHINA_JURIS_CF_J4,True
W2R-074,LEX_MACHINA_UPDATER_RELATIONS_V2,RELATIONS_VERSOES_ANTIGAS,P545E_3,1696,223029243,9,9,c43a1311ca2fb7117c3a1b4728803eb5e2f0015aa5cc9a821e7335ab1cac3144,c43a1311ca2fb7117c3a1b4728803eb5e2f0015aa5cc9a821e7335ab1cac3144,True,"[132, 140]",C:\LMA\p545e\20260928\LEX_MACHINA_UPDATER_RELATIONS_V2,C:\GitHub\LEX-MACHINA\LEX_MACHINA_UPDATER_RELATIONS_V2,True
W2R-013,LEX-MACHINAETAPA_2D2,UPDATER_ETAPAS,P545E_3,1739,224619125,9,9,1150d4278681d93b1e8c6d854effa11afb83e9a92ae5399a5ac7c5ef9636db2a,1150d4278681d93b1e8c6d854effa11afb83e9a92ae5399a5ac7c5ef9636db2a,True,"[141, 149]",C:\LMA\p545e\20260928\LEX-MACHINAETAPA_2D2,C:\GitHub\LEX-MACHINA\LEX-MACHINAETAPA_2D2,True
W2R-003,LEX-MACHINAETAPA_2C,UPDATER_ETAPAS,P545E_3,1734,225107994,9,9,01eca792055effe6a36db9418e4172b11954c877d169a57cbc5cbc6646350b6a,01eca792055effe6a36db9418e4172b11954c877d169a57cbc5cbc6646350b6a,True,"[150, 158]",C:\LMA\p545e\20260928\LEX-MACHINAETAPA_2C,C:\GitHub\LEX-MACHINA\LEX-MACHINAETAPA_2C,True
W2R-004,LEX-MACHINAETAPA_2D,UPDATER_ETAPAS,P545E_3,1736,225551763,9,9,e11d84c8d9b3b19a5f0a47162bcf32298e9067a0e61c9560bb8d6ca73002713c,e11d84c8d9b3b19a5f0a47162bcf32298e9067a0e61c9560bb8d6ca73002713c,True,"[159, 167]",C:\LMA\p545e\20260928\LEX-MACHINAETAPA_2D,C:\GitHub\LEX-MACHINA\LEX-MACHINAETAPA_2D,True
W2R-075,LEX_MACHINA_UPDATER_RELATIONS_V2_ETAPA2A,RELATIONS_VERSOES_ANTIGAS,P545E_3,1704,252414298,9,9,2a55733194c9556d1ecf93d2e527bc370101b3d7318119d9f1ed9d03d67dee86,2a55733194c9556d1ecf93d2e527bc370101b3d7318119d9f1ed9d03d67dee86,True,"[168, 176]",C:\LMA\p545e\20260928\LEX_MACHINA_UPDATER_RELATIONS_V2_ETAPA2A,C:\GitHub\LEX-MACHINA\LEX_MACHINA_UPDATER_RELATIONS_V2_ETAPA2A,True
W2R-001,1- LEX-MACHINAETAPA_2D3,UPDATER_ETAPAS,P545E_3,2060,255003071,9,9,f815dddc95215f90c6bea23b4fd5539415f5b474efcb9d0b292350ca048166b6,f815dddc95215f90c6bea23b4fd5539415f5b474efcb9d0b292350ca048166b6,True,"[177, 185]",C:\LMA\p545e\20260928\1- LEX-MACHINAETAPA_2D3,C:\GitHub\LEX-MACHINA\1- LEX-MACHINAETAPA_2D3,True
W2R-073,LEX_MACHINA_UPDATER_BACKUP_V1_17-09-2026,BACKUPS_MANUAIS,P545E_3,4197,456585722,9,9,37b24f7a413e998d54740707348554caf62e82e5c3b82f54e74386ceb4ccec7d,37b24f7a413e998d54740707348554caf62e82e5c3b82f54e74386ceb4ccec7d,True,"[186, 194]",C:\LMA\p545e\20260928\LEX_MACHINA_UPDATER_BACKUP_V1_17-09-2026,C:\GitHub\LEX-MACHINA\LEX_MACHINA_UPDATER_BACKUP_V1_17-09-2026,True
W2R-076,updater_stage2a_corrigida_v2,UPDATER_ETAPAS,P545E_3,6911,954305408,36,36,368c325dccc5ed32250b47914412b2ec5a2d67b493cd5a0276a946fa9e852d70,368c325dccc5ed32250b47914412b2ec5a2d67b493cd5a0276a946fa9e852d70,True,"[195, 230]",C:\LMA\p545e\20260928\updater_stage2a_corrigida_v2,C:\GitHub\LEX-MACHINA\updater_stage2a_corrigida_v2,True
