candidate_id,path,family,size_bytes,file_count,protected545_members,idx_files,idx_classification,d01_marker_files,active_dependency,dynamic_discovery,unique_evidence,other,classification,p545e_lot
W2R-001,1- LEX-MACHINAETAPA_2D3,UPDATER_ETAPAS,255003071,2060,9,9,IDX_RELOCATABLE_WITH_PARENT,0,False,D02,True,,READY_AFTER_P545_PLUS_IDX_PROOF,P545E_3
W2R-002,CF_SEGMENTADA_V2,OUTROS_LEGADOS,1733591,5,5,0,,0,True,,True,,STILL_ACTIVE_KEEP,
W2R-003,LEX-MACHINAETAPA_2C,UPDATER_ETAPAS,225107994,1734,9,9,IDX_RELOCATABLE_WITH_PARENT,0,False,D02,True,LONG_PATH: maior path hoje 239; com archive root de 44 chars ficaria 262 (>=260),READY_AFTER_P545_PLUS_IDX_PROOF,P545E_3
W2R-004,LEX-MACHINAETAPA_2D,UPDATER_ETAPAS,225551763,1736,9,9,IDX_RELOCATABLE_WITH_PARENT,0,False,D02,True,LONG_PATH: maior path hoje 239; com archive root de 44 chars ficaria 262 (>=260),READY_AFTER_P545_PLUS_IDX_PROOF,P545E_3
W2R-013,LEX-MACHINAETAPA_2D2,UPDATER_ETAPAS,224619125,1739,9,9,IDX_RELOCATABLE_WITH_PARENT,0,False,D02,True,LONG_PATH: maior path hoje 240; com archive root de 44 chars ficaria 263 (>=260),READY_AFTER_P545_PLUS_IDX_PROOF,P545E_3
W2R-031,LEX-MACHINAETAPA_2E5,UPDATER_ETAPAS,292452,14,4,4,IDX_REQUIRES_FURTHER_PROOF,0,False,D02,True,,READY_AFTER_MULTIPLE_FIXES,P545E_4
W2R-032,LEX-MACHINA_ETAPA_2E6_SD_TESTE,UPDATER_ETAPAS,732697,31,8,8,IDX_REQUIRES_FURTHER_PROOF,0,False,D02 / D12,True,montador executa shutil.rmtree(SD_PRONTO) que contem 4 IDX protected545: nunca executar no repo vivo,READY_AFTER_MULTIPLE_FIXES,P545E_4
W2R-034,LEX_MACHINA_JURIS_CF_J2,JURIS_CF_ETAPAS,347908,14,2,2,IDX_RELOCATABLE_WITH_PARENT,0,False,D02,True,,READY_AFTER_P545_PLUS_IDX_PROOF,P545E_3
W2R-035,LEX_MACHINA_JURIS_CF_J2_5,JURIS_CF_ETAPAS,260073,13,2,2,IDX_RELOCATABLE_WITH_PARENT,0,False,D02,True,,READY_AFTER_P545_PLUS_IDX_PROOF,P545E_3
W2R-036,LEX_MACHINA_JURIS_CF_J3,JURIS_CF_ETAPAS,40864,35,2,2,IDX_RELOCATABLE_WITH_PARENT,0,False,D02,True,,READY_AFTER_P545_PLUS_IDX_PROOF,P545E_3
W2R-037,LEX_MACHINA_JURIS_CF_J4,JURIS_CF_ETAPAS,7436773,84,2,2,IDX_RELOCATABLE_WITH_PARENT,0,False,D02,True,Corpus da baseline fisica validada (J4); proveniencia do SD atual,READY_AFTER_P545_PLUS_IDX_PROOF,P545E_3
W2R-038,LEX_MACHINA_JURIS_CF_J4_6,JURIS_CF_ETAPAS,279831,229,2,2,IDX_RELOCATABLE_WITH_PARENT,0,False,D02,True,,READY_AFTER_P545_PLUS_IDX_PROOF,P545E_3
W2R-039,LEX_MACHINA_REFERENCIAS_AUDITORIA_ASTRA_V1,REFERENCIAS_V1,653063,7,7,0,,1,True,D01,True,,STILL_ACTIVE_KEEP,
W2R-040,LEX_MACHINA_REFERENCIAS_AUDITORIA_CAUSAL_V132_V1,REFERENCIAS_V1,1029253,17,17,0,,1,False,D01,True,,READY_AFTER_P545_PLUS_DYNAMIC_DISCOVERY_FIX,P545E_2
W2R-041,LEX_MACHINA_REFERENCIAS_AUDITORIA_CONTRATO_ENGINE_V1,REFERENCIAS_V1,162521,10,10,0,,0,False,,True,,READY_AFTER_P545_RELOCATION_PROOF,P545E_1
W2R-042,LEX_MACHINA_REFERENCIAS_AVALIACAO_J5_LOTE45_V1,REFERENCIAS_V1,165113,8,8,0,,0,False,,True,,READY_AFTER_P545_RELOCATION_PROOF,P545E_1
W2R-043,LEX_MACHINA_REFERENCIAS_AVALIACAO_J5_LOTE45_V2_FINAL,REFERENCIAS_V1,590169,11,11,0,,5,False,D01,True,,READY_AFTER_P545_PLUS_DYNAMIC_DISCOVERY_FIX,P545E_2
W2R-044,LEX_MACHINA_REFERENCIAS_BENCHMARK_69_HUMANO_V1,REFERENCIAS_V1,669254,1,1,0,,1,True,D01,False,,STILL_ACTIVE_KEEP,
W2R-045,LEX_MACHINA_REFERENCIAS_BENCHMARK_CF_V2,REFERENCIAS_V1,393760,9,9,0,,2,True,D01,True,,STILL_ACTIVE_KEEP,
W2R-046,LEX_MACHINA_REFERENCIAS_CATALOGO_EXPANSAO_V1,REFERENCIAS_V1,127575,7,7,0,,0,False,,True,,READY_AFTER_P545_RELOCATION_PROOF,P545E_1
W2R-047,LEX_MACHINA_REFERENCIAS_CATALOGO_LOTE_45_V1,REFERENCIAS_V1,316045,8,8,0,,0,False,,True,,READY_AFTER_P545_RELOCATION_PROOF,P545E_1
W2R-048,LEX_MACHINA_REFERENCIAS_CATALOGO_LOTE_45_V2,REFERENCIAS_V1,413109,6,6,0,,5,True,D01,True,,STILL_ACTIVE_KEEP,
W2R-049,LEX_MACHINA_REFERENCIAS_CF_ENGINE_RUN_V1,REFERENCIAS_V1,7965659,11,11,0,,1,False,D01,True,,READY_AFTER_P545_PLUS_DYNAMIC_DISCOVERY_FIX,P545E_2
W2R-050,LEX_MACHINA_REFERENCIAS_CF_J5,REFERENCIAS_V1,100385,6,6,0,,0,False,,True,,READY_AFTER_P545_RELOCATION_PROOF,P545E_1
W2R-051,LEX_MACHINA_REFERENCIAS_CF_J5_1,REFERENCIAS_V1,81566,2,2,0,,0,False,,True,,READY_AFTER_P545_RELOCATION_PROOF,P545E_1
W2R-052,LEX_MACHINA_REFERENCIAS_CF_REVISAO_ALTA_CONFIANCA_V1,REFERENCIAS_V1,503841,9,9,0,,1,False,D01,True,,READY_AFTER_P545_PLUS_DYNAMIC_DISCOVERY_FIX,P545E_2
W2R-053,LEX_MACHINA_REFERENCIAS_DIAGNOSTICO_NUCLEOS_V1,REFERENCIAS_V1,238381,8,8,0,,0,False,,True,,READY_AFTER_P545_RELOCATION_PROOF,P545E_1
W2R-054,LEX_MACHINA_REFERENCIAS_ENGINE_V1,REFERENCIAS_V1,307228,18,18,0,,2,False,D01,True,,READY_AFTER_P545_PLUS_DYNAMIC_DISCOVERY_FIX,P545E_2
W2R-055,LEX_MACHINA_REFERENCIAS_ENGINE_V1_1,REFERENCIAS_V1,283371,21,21,0,,2,False,D01,True,,READY_AFTER_P545_PLUS_DYNAMIC_DISCOVERY_FIX,P545E_2
W2R-056,LEX_MACHINA_REFERENCIAS_ENGINE_V1_2,REFERENCIAS_V1,282107,31,31,0,,2,True,D01,True,,STILL_ACTIVE_KEEP,
W2R-057,LEX_MACHINA_REFERENCIAS_ENGINE_V1_3,REFERENCIAS_V1,705636,15,15,0,,1,False,D01,True,,READY_AFTER_P545_PLUS_DYNAMIC_DISCOVERY_FIX,P545E_2
W2R-058,LEX_MACHINA_REFERENCIAS_ENGINE_V1_3_1,REFERENCIAS_V1,819539,15,15,0,,1,False,D01,True,,READY_AFTER_P545_PLUS_DYNAMIC_DISCOVERY_FIX,P545E_2
W2R-059,LEX_MACHINA_REFERENCIAS_ENGINE_V1_3_2,REFERENCIAS_V1,941487,17,17,0,,1,True,D01,True,,STILL_ACTIVE_KEEP,
W2R-060,LEX_MACHINA_REFERENCIAS_ENGINE_V1_4_ALPHA,REFERENCIAS_V1,52129,7,7,0,,0,False,,True,,READY_AFTER_P545_RELOCATION_PROOF,P545E_1
W2R-061,LEX_MACHINA_REFERENCIAS_ENGINE_V1_4_ALPHA2,REFERENCIAS_V1,45079,7,7,0,,0,False,,True,,READY_AFTER_P545_RELOCATION_PROOF,P545E_1
W2R-062,LEX_MACHINA_REFERENCIAS_ENGINE_V1_4_ALPHA3,REFERENCIAS_V1,35676,11,11,0,,0,False,,True,,READY_AFTER_P545_RELOCATION_PROOF,P545E_1
W2R-063,LEX_MACHINA_REFERENCIAS_EXPERIMENTO_24_VS_69_V1,REFERENCIAS_V1,27973403,16,16,0,,0,False,,True,,READY_AFTER_P545_RELOCATION_PROOF,P545E_1
W2R-064,LEX_MACHINA_REFERENCIAS_FORCA_TEMA_LOTE45_V1_FINAL,REFERENCIAS_V1,664888,11,11,0,,3,False,D01,True,,READY_AFTER_P545_PLUS_DYNAMIC_DISCOVERY_FIX,P545E_2
W2R-065,LEX_MACHINA_REFERENCIAS_PREPARACAO_V14_ALPHA2,REFERENCIAS_V1,191835,11,11,0,,3,True,D01,True,,STILL_ACTIVE_KEEP,
W2R-066,LEX_MACHINA_REFERENCIAS_REFINAMENTO_R7_V2,REFERENCIAS_V1,57922,8,8,0,,5,False,D01,True,,READY_AFTER_P545_PLUS_DYNAMIC_DISCOVERY_FIX,P545E_2
W2R-067,LEX_MACHINA_REFERENCIAS_TEMAS_LOTE45_V1,REFERENCIAS_V1,408005,9,9,0,,0,False,,True,,READY_AFTER_P545_RELOCATION_PROOF,P545E_1
W2R-068,LEX_MACHINA_REFERENCIAS_TESTE_COMPLETO_ALPHA3_V1,REFERENCIAS_V1,8620157,14,14,0,,0,True,,True,,STILL_ACTIVE_KEEP,
W2R-069,LEX_MACHINA_REFERENCIAS_VALIDACAO_EXTERNA_R7_V1,REFERENCIAS_V1,154331,5,5,0,,0,False,,True,,READY_AFTER_P545_RELOCATION_PROOF,P545E_1
W2R-070,LEX_MACHINA_REFERENCIAS_VALIDACAO_V14_ALPHA,REFERENCIAS_V1,917002,12,12,0,,5,False,D01,True,,READY_AFTER_P545_PLUS_DYNAMIC_DISCOVERY_FIX,P545E_2
W2R-071,LEX_MACHINA_REFERENCIAS_VALIDACAO_V14_ALPHA2,REFERENCIAS_V1,465601,8,8,0,,5,False,D01,True,,READY_AFTER_P545_PLUS_DYNAMIC_DISCOVERY_FIX,P545E_2
W2R-072,LEX_MACHINA_REFERENCIAS_VALIDACAO_V14_ALPHA3,REFERENCIAS_V1,415175,7,7,0,,5,True,D01,True,,STILL_ACTIVE_KEEP,
W2R-073,LEX_MACHINA_UPDATER_BACKUP_V1_17-09-2026,BACKUPS_MANUAIS,456585722,4197,9,9,IDX_RELOCATABLE_WITH_PARENT,0,False,D02,True,LONG_PATH: maior path hoje 244; com archive root de 44 chars ficaria 267 (>=260) | contem .venv (139 MB) e 96 nomes nao-ASCII,READY_AFTER_P545_PLUS_IDX_PROOF,P545E_3
W2R-074,LEX_MACHINA_UPDATER_RELATIONS_V2,RELATIONS_VERSOES_ANTIGAS,223029243,1696,9,9,IDX_RELOCATABLE_WITH_PARENT,0,False,D02,True,,READY_AFTER_P545_PLUS_IDX_PROOF,P545E_3
W2R-075,LEX_MACHINA_UPDATER_RELATIONS_V2_ETAPA2A,RELATIONS_VERSOES_ANTIGAS,252414298,1704,9,9,IDX_RELOCATABLE_WITH_PARENT,0,False,D02,True,LONG_PATH: maior path hoje 260; com archive root de 44 chars ficaria 283 (>=260),READY_AFTER_P545_PLUS_IDX_PROOF,P545E_3
W2R-076,updater_stage2a_corrigida_v2,UPDATER_ETAPAS,954305408,6911,36,36,IDX_RELOCATABLE_WITH_PARENT,0,False,D02,True,LONG_PATH: maior path hoje 264; com archive root de 44 chars ficaria 287 (>=260),READY_AFTER_P545_PLUS_IDX_PROOF,P545E_3
W2R-077,firmware/LEX MAQUINA INO 2,FIRMWARE_ANTIGO,914952,7,7,0,,0,True,,True,,STILL_ACTIVE_KEEP,
W2R-078,firmware/LEX_MACHINA_BACKUP_POS_CODEX_16-09,FIRMWARE_ANTIGO,831728,4,4,0,,0,False,,True,,READY_AFTER_P545_RELOCATION_PROOF,P545E_1
W2R-079,firmware/LEX_MACHINA_v7.11.0_JURIS_CF_PILOTO,FIRMWARE_ANTIGO,882401,6,6,0,,0,False,,True,,READY_AFTER_P545_RELOCATION_PROOF,P545E_1
W2R-080,firmware/LEX_MACHINA_v7.11.1_JURIS_CF_PILOTO,FIRMWARE_ANTIGO,890116,7,7,0,,0,False,,True,,READY_AFTER_P545_RELOCATION_PROOF,P545E_1
W2R-081,firmware/LEX_MACHINA_v7.12.0_JURIS_CF_EXPANDIDA,FIRMWARE_ANTIGO,899028,9,9,0,,0,True,,True,,STILL_ACTIVE_KEEP,
