candidate_id,path,family,size_bytes,file_count,git_status,original_classification,classification,confidence,blockers,protected545_members,idx_files,reference_level,unique_evidence_present,unique_files,unique_bytes,unique_evidence_action,lot,archive_relative_destination
W2R-001,1- LEX-MACHINAETAPA_2D3,UPDATER_ETAPAS,255003071,2060,UNTRACKED,BLOQUEADO_POR_PROTECTED545,STILL_BLOCKED_PROTECTED545,HIGH,PROTECTED545;PATH_IDENTITY;IDX;DYNAMIC_DISCOVERY;ABSOLUTE_PATH;UNIQUE_EVIDENCE;NOT_DECOUPLED,9,9,HISTORICAL_REFERENCE,True,143,31199811,KEEP_IN_PLACE,,
W2R-002,CF_SEGMENTADA_V2,OUTROS_LEGADOS,1733591,5,UNTRACKED,BLOQUEADO_POR_PROTECTED545,KEEP_IN_ROOT_INTENTIONALLY,HIGH,CANONICAL_ACTIVE;ACTIVE_BUILD;PROTECTED545;PATH_IDENTITY;MANIFEST_REFERENCE,5,0,ACTIVE_BUILD_REFERENCE,True,5,1733591,KEEP_IN_PLACE,,
W2R-003,LEX-MACHINAETAPA_2C,UPDATER_ETAPAS,225107994,1734,UNTRACKED,BLOQUEADO_POR_PROTECTED545,STILL_BLOCKED_PROTECTED545,HIGH,PROTECTED545;PATH_IDENTITY;IDX;DYNAMIC_DISCOVERY;ABSOLUTE_PATH;UNIQUE_EVIDENCE;NOT_DECOUPLED,9,9,HISTORICAL_REFERENCE,True,17,1866236,KEEP_IN_PLACE,,
W2R-004,LEX-MACHINAETAPA_2D,UPDATER_ETAPAS,225551763,1736,UNTRACKED,BLOQUEADO_POR_PROTECTED545,STILL_BLOCKED_PROTECTED545,HIGH,PROTECTED545;PATH_IDENTITY;IDX;DYNAMIC_DISCOVERY;ABSOLUTE_PATH;UNIQUE_EVIDENCE;NOT_DECOUPLED,9,9,HISTORICAL_REFERENCE,True,9,2285316,KEEP_IN_PLACE,,
W2R-005,LEX-MACHINAETAPA_2D10,UPDATER_ETAPAS,191937,11,UNTRACKED,ARQUIVAR_APOS_AJUSTE,READY_TO_ARCHIVE_REVERSIBLY,HIGH,,0,0,HISTORICAL_REFERENCE,True,10,191901,PRESERVED_WHOLE_BY_VERIFIED_MOVE,LOTE_2E_1_CADEIA_2D9_2D17,LEX-MACHINAETAPA_2D10
W2R-006,LEX-MACHINAETAPA_2D11,UPDATER_ETAPAS,222508,12,UNTRACKED,ARQUIVAR_APOS_AJUSTE,READY_TO_ARCHIVE_REVERSIBLY,HIGH,,0,0,HISTORICAL_REFERENCE,True,11,222472,PRESERVED_WHOLE_BY_VERIFIED_MOVE,LOTE_2E_1_CADEIA_2D9_2D17,LEX-MACHINAETAPA_2D11
W2R-007,LEX-MACHINAETAPA_2D12,UPDATER_ETAPAS,1127159,35,UNTRACKED,ARQUIVAR_APOS_AJUSTE,READY_TO_ARCHIVE_REVERSIBLY,HIGH,,0,0,HISTORICAL_REFERENCE,True,11,257803,PRESERVED_WHOLE_BY_VERIFIED_MOVE,LOTE_2E_1_CADEIA_2D9_2D17,LEX-MACHINAETAPA_2D12
W2R-008,LEX-MACHINAETAPA_2D13,UPDATER_ETAPAS,297192,12,UNTRACKED,ARQUIVAR_APOS_AJUSTE,READY_TO_ARCHIVE_REVERSIBLY,HIGH,,0,0,HISTORICAL_REFERENCE,True,11,297145,PRESERVED_WHOLE_BY_VERIFIED_MOVE,LOTE_2E_1_CADEIA_2D9_2D17,LEX-MACHINAETAPA_2D13
W2R-009,LEX-MACHINAETAPA_2D14,UPDATER_ETAPAS,317678,12,UNTRACKED,ARQUIVAR_APOS_AJUSTE,READY_TO_ARCHIVE_REVERSIBLY,HIGH,,0,0,HISTORICAL_REFERENCE,True,11,317631,PRESERVED_WHOLE_BY_VERIFIED_MOVE,LOTE_2E_1_CADEIA_2D9_2D17,LEX-MACHINAETAPA_2D14
W2R-010,LEX-MACHINAETAPA_2D15,UPDATER_ETAPAS,365122,12,UNTRACKED,ARQUIVAR_APOS_AJUSTE,READY_TO_ARCHIVE_REVERSIBLY,HIGH,,0,0,HISTORICAL_REFERENCE,True,11,365075,PRESERVED_WHOLE_BY_VERIFIED_MOVE,LOTE_2E_1_CADEIA_2D9_2D17,LEX-MACHINAETAPA_2D15
W2R-011,LEX-MACHINAETAPA_2D16,UPDATER_ETAPAS,352185,11,UNTRACKED,ARQUIVAR_APOS_AJUSTE,READY_TO_ARCHIVE_REVERSIBLY,HIGH,,0,0,HISTORICAL_REFERENCE,True,11,352185,PRESERVED_WHOLE_BY_VERIFIED_MOVE,LOTE_2E_1_CADEIA_2D9_2D17,LEX-MACHINAETAPA_2D16
W2R-012,LEX-MACHINAETAPA_2D17,UPDATER_ETAPAS,56208,8,UNTRACKED,ARQUIVAR_APOS_AJUSTE,READY_TO_ARCHIVE_REVERSIBLY,HIGH,,0,0,HISTORICAL_REFERENCE,True,8,56208,PRESERVED_WHOLE_BY_VERIFIED_MOVE,LOTE_2E_1_CADEIA_2D9_2D17,LEX-MACHINAETAPA_2D17
W2R-013,LEX-MACHINAETAPA_2D2,UPDATER_ETAPAS,224619125,1739,UNTRACKED,BLOQUEADO_POR_PROTECTED545,STILL_BLOCKED_PROTECTED545,HIGH,PROTECTED545;PATH_IDENTITY;IDX;DYNAMIC_DISCOVERY;ABSOLUTE_PATH;UNIQUE_EVIDENCE;NOT_DECOUPLED,9,9,HISTORICAL_REFERENCE,True,10,1303349,KEEP_IN_PLACE,,
W2R-014,LEX-MACHINAETAPA_2D4,UPDATER_ETAPAS,1512426,80,UNTRACKED,REVISAR_MANUALMENTE,EXTRACT_UNIQUE_EVIDENCE_THEN_ARCHIVE,HIGH,UNIQUE_EVIDENCE;PROVENANCE,0,0,HISTORICAL_REFERENCE,True,79,1512390,EXTRACT_UNIQUE_EVIDENCE_BEFORE_ARCHIVE,LOTE_2E_4_APOS_EXTRACAO,LEX-MACHINAETAPA_2D4
W2R-015,LEX-MACHINAETAPA_2D5,UPDATER_ETAPAS,552521,24,UNTRACKED,REVISAR_MANUALMENTE,EXTRACT_UNIQUE_EVIDENCE_THEN_ARCHIVE,HIGH,UNIQUE_EVIDENCE;PROVENANCE,0,0,HISTORICAL_REFERENCE,True,23,552485,EXTRACT_UNIQUE_EVIDENCE_BEFORE_ARCHIVE,LOTE_2E_4_APOS_EXTRACAO,LEX-MACHINAETAPA_2D5
W2R-016,LEX-MACHINAETAPA_2D6,UPDATER_ETAPAS,55328,10,UNTRACKED,ARQUIVAR_APOS_AJUSTE,READY_TO_ARCHIVE_REVERSIBLY,HIGH,,0,0,HISTORICAL_REFERENCE,True,10,55328,PRESERVED_WHOLE_BY_VERIFIED_MOVE,LOTE_2E_2_CADEIA_2D6,LEX-MACHINAETAPA_2D6
W2R-017,LEX-MACHINAETAPA_2D6_1,UPDATER_ETAPAS,56716,10,UNTRACKED,REVISAR_MANUALMENTE,EXTRACT_UNIQUE_EVIDENCE_THEN_ARCHIVE,HIGH,UNIQUE_EVIDENCE;PROVENANCE,0,0,HISTORICAL_REFERENCE,True,10,56716,EXTRACT_UNIQUE_EVIDENCE_BEFORE_ARCHIVE,LOTE_2E_4_APOS_EXTRACAO,LEX-MACHINAETAPA_2D6_1
W2R-018,LEX-MACHINAETAPA_2D6_2,UPDATER_ETAPAS,46578,8,UNTRACKED,ARQUIVAR_APOS_AJUSTE,READY_TO_ARCHIVE_REVERSIBLY,HIGH,,0,0,HISTORICAL_REFERENCE,True,5,46198,PRESERVED_WHOLE_BY_VERIFIED_MOVE,LOTE_2E_2_CADEIA_2D6,LEX-MACHINAETAPA_2D6_2
W2R-019,LEX-MACHINAETAPA_2D6_3,UPDATER_ETAPAS,48501,8,UNTRACKED,ARQUIVAR_APOS_AJUSTE,READY_TO_ARCHIVE_REVERSIBLY,HIGH,,0,0,HISTORICAL_REFERENCE,True,5,48121,PRESERVED_WHOLE_BY_VERIFIED_MOVE,LOTE_2E_2_CADEIA_2D6,LEX-MACHINAETAPA_2D6_3
W2R-020,LEX-MACHINAETAPA_2D6_4,UPDATER_ETAPAS,166471,12,UNTRACKED,REVISAR_MANUALMENTE,EXTRACT_UNIQUE_EVIDENCE_THEN_ARCHIVE,HIGH,UNIQUE_EVIDENCE;PROVENANCE,0,0,HISTORICAL_REFERENCE,True,11,166434,EXTRACT_UNIQUE_EVIDENCE_BEFORE_ARCHIVE,LOTE_2E_4_APOS_EXTRACAO,LEX-MACHINAETAPA_2D6_4
W2R-021,LEX-MACHINAETAPA_2D7,UPDATER_ETAPAS,14748414,200,UNTRACKED,REVISAR_MANUALMENTE,EXTRACT_UNIQUE_EVIDENCE_THEN_ARCHIVE,HIGH,UNIQUE_EVIDENCE;PROVENANCE,0,0,HISTORICAL_REFERENCE,True,188,14640327,EXTRACT_UNIQUE_EVIDENCE_BEFORE_ARCHIVE,LOTE_2E_4_APOS_EXTRACAO,LEX-MACHINAETAPA_2D7
W2R-022,LEX-MACHINAETAPA_2D8,UPDATER_ETAPAS,6618625,137,UNTRACKED,REVISAR_MANUALMENTE,EXTRACT_UNIQUE_EVIDENCE_THEN_ARCHIVE,HIGH,UNIQUE_EVIDENCE;PROVENANCE,0,0,HISTORICAL_REFERENCE,True,71,2032495,EXTRACT_UNIQUE_EVIDENCE_BEFORE_ARCHIVE,LOTE_2E_4_APOS_EXTRACAO,LEX-MACHINAETAPA_2D8
W2R-023,LEX-MACHINAETAPA_2D9,UPDATER_ETAPAS,2102330,36,UNTRACKED,ARQUIVAR_APOS_AJUSTE,READY_TO_ARCHIVE_REVERSIBLY,HIGH,,0,0,HISTORICAL_REFERENCE,True,10,224820,PRESERVED_WHOLE_BY_VERIFIED_MOVE,LOTE_2E_1_CADEIA_2D9_2D17,LEX-MACHINAETAPA_2D9
W2R-024,LEX-MACHINAETAPA_2E,UPDATER_ETAPAS,95971,9,UNTRACKED,ARQUIVAR_APOS_AJUSTE,READY_TO_ARCHIVE_REVERSIBLY,HIGH,,0,0,HISTORICAL_REFERENCE,True,9,95971,PRESERVED_WHOLE_BY_VERIFIED_MOVE,LOTE_2E_3_CADEIA_2E_PRE_2E41,LEX-MACHINAETAPA_2E
W2R-025,LEX-MACHINAETAPA_2E1,UPDATER_ETAPAS,120570,10,UNTRACKED,ARQUIVAR_APOS_AJUSTE,READY_TO_ARCHIVE_REVERSIBLY,HIGH,,0,0,HISTORICAL_REFERENCE,True,10,120570,PRESERVED_WHOLE_BY_VERIFIED_MOVE,LOTE_2E_3_CADEIA_2E_PRE_2E41,LEX-MACHINAETAPA_2E1
W2R-026,LEX-MACHINAETAPA_2E2,UPDATER_ETAPAS,737743,29,UNTRACKED,ARQUIVAR_APOS_AJUSTE,READY_TO_ARCHIVE_REVERSIBLY,HIGH,,0,0,HISTORICAL_REFERENCE,True,12,119428,PRESERVED_WHOLE_BY_VERIFIED_MOVE,LOTE_2E_3_CADEIA_2E_PRE_2E41,LEX-MACHINAETAPA_2E2
W2R-027,LEX-MACHINAETAPA_2E3,UPDATER_ETAPAS,683641,25,UNTRACKED,REVISAR_MANUALMENTE,READY_TO_ARCHIVE_REVERSIBLY,HIGH,,0,0,HISTORICAL_REFERENCE,True,8,65337,PRESERVED_WHOLE_BY_VERIFIED_MOVE,LOTE_2E_3_CADEIA_2E_PRE_2E41,LEX-MACHINAETAPA_2E3
W2R-028,LEX-MACHINAETAPA_2E31,UPDATER_ETAPAS,743503,29,UNTRACKED,ARQUIVAR_APOS_AJUSTE,READY_TO_ARCHIVE_REVERSIBLY,HIGH,,0,0,HISTORICAL_REFERENCE,True,9,82227,PRESERVED_WHOLE_BY_VERIFIED_MOVE,LOTE_2E_3_CADEIA_2E_PRE_2E41,LEX-MACHINAETAPA_2E31
W2R-029,LEX-MACHINAETAPA_2E4,UPDATER_ETAPAS,49357,5,UNTRACKED,ARQUIVAR_ONDA2B,READY_TO_ARCHIVE_REVERSIBLY,HIGH,,0,0,HISTORICAL_REFERENCE,True,4,47651,PRESERVED_WHOLE_BY_VERIFIED_MOVE,LOTE_2E_3_CADEIA_2E_PRE_2E41,LEX-MACHINAETAPA_2E4
W2R-030,LEX-MACHINAETAPA_2E41,UPDATER_ETAPAS,840815,31,UNTRACKED,ARQUIVAR_APOS_AJUSTE,STILL_BLOCKED_ACTIVE_DEPENDENCY,HIGH,ACTIVE_BUILD;ABSOLUTE_PATH;DYNAMIC_DISCOVERY;IDX;PROVENANCE;NOT_DECOUPLED,0,0,ACTIVE_BUILD_REFERENCE,True,9,140628,KEEP_IN_PLACE,,
W2R-031,LEX-MACHINAETAPA_2E5,UPDATER_ETAPAS,292452,14,UNTRACKED,BLOQUEADO_POR_PROTECTED545,STILL_BLOCKED_PROTECTED545,HIGH,PROTECTED545;PATH_IDENTITY;IDX;DYNAMIC_DISCOVERY;ABSOLUTE_PATH;UNIQUE_EVIDENCE;NOT_DECOUPLED,4,4,HISTORICAL_REFERENCE,True,9,196192,KEEP_IN_PLACE,,
W2R-032,LEX-MACHINA_ETAPA_2E6_SD_TESTE,UPDATER_ETAPAS,732697,31,UNTRACKED,BLOQUEADO_POR_PROTECTED545,STILL_BLOCKED_PROTECTED545,HIGH,PROTECTED545;PATH_IDENTITY;IDX;DYNAMIC_DISCOVERY;ABSOLUTE_PATH;UNIQUE_EVIDENCE;NOT_DECOUPLED,8,8,HISTORICAL_REFERENCE,True,3,16475,KEEP_IN_PLACE,,
W2R-033,LEX_MACHINA_JURIS_CF_J1,JURIS_CF_ETAPAS,42657,5,UNTRACKED,REVISAR_MANUALMENTE,EXTRACT_UNIQUE_EVIDENCE_THEN_ARCHIVE,HIGH,UNIQUE_EVIDENCE;PROVENANCE,0,0,HISTORICAL_REFERENCE,True,5,42657,EXTRACT_UNIQUE_EVIDENCE_BEFORE_ARCHIVE,LOTE_2E_4_APOS_EXTRACAO,LEX_MACHINA_JURIS_CF_J1
W2R-034,LEX_MACHINA_JURIS_CF_J2,JURIS_CF_ETAPAS,347908,14,UNTRACKED,BLOQUEADO_POR_PROTECTED545,STILL_BLOCKED_PROTECTED545,HIGH,PROTECTED545;PATH_IDENTITY;IDX;DYNAMIC_DISCOVERY;ABSOLUTE_PATH;UNIQUE_EVIDENCE;NOT_DECOUPLED,2,2,HISTORICAL_REFERENCE,True,11,257784,KEEP_IN_PLACE,,
W2R-035,LEX_MACHINA_JURIS_CF_J2_5,JURIS_CF_ETAPAS,260073,13,UNTRACKED,BLOQUEADO_POR_PROTECTED545,STILL_BLOCKED_PROTECTED545,HIGH,PROTECTED545;PATH_IDENTITY;IDX;DYNAMIC_DISCOVERY;ABSOLUTE_PATH;UNIQUE_EVIDENCE;NOT_DECOUPLED,2,2,HISTORICAL_REFERENCE,True,10,169949,KEEP_IN_PLACE,,
W2R-036,LEX_MACHINA_JURIS_CF_J3,JURIS_CF_ETAPAS,40864,35,UNTRACKED,BLOQUEADO_POR_PROTECTED545,STILL_BLOCKED_PROTECTED545,HIGH,PROTECTED545;PATH_IDENTITY;IDX;DYNAMIC_DISCOVERY;ABSOLUTE_PATH;UNIQUE_EVIDENCE;NOT_DECOUPLED,2,2,HISTORICAL_REFERENCE,True,33,33797,KEEP_IN_PLACE,,
W2R-037,LEX_MACHINA_JURIS_CF_J4,JURIS_CF_ETAPAS,7436773,84,UNTRACKED,BLOQUEADO_POR_PROTECTED545,STILL_BLOCKED_PROTECTED545,HIGH,PROTECTED545;PATH_IDENTITY;IDX;DYNAMIC_DISCOVERY;ABSOLUTE_PATH;UNIQUE_EVIDENCE;NOT_DECOUPLED,2,2,HISTORICAL_REFERENCE,True,79,7186751,KEEP_IN_PLACE,,
W2R-038,LEX_MACHINA_JURIS_CF_J4_6,JURIS_CF_ETAPAS,279831,229,UNTRACKED,BLOQUEADO_POR_PROTECTED545,STILL_BLOCKED_PROTECTED545,HIGH,PROTECTED545;PATH_IDENTITY;IDX;DYNAMIC_DISCOVERY;ABSOLUTE_PATH;UNIQUE_EVIDENCE;NOT_DECOUPLED,2,2,HISTORICAL_REFERENCE,True,227,221869,KEEP_IN_PLACE,,
W2R-039,LEX_MACHINA_REFERENCIAS_AUDITORIA_ASTRA_V1,REFERENCIAS_V1,653063,7,UNTRACKED,BLOQUEADO_POR_PROTECTED545,STILL_BLOCKED_PROTECTED545,HIGH,PROTECTED545;PATH_IDENTITY;DYNAMIC_DISCOVERY;ACTIVE_BUILD;UNIQUE_EVIDENCE;NOT_DECOUPLED,7,0,ACTIVE_BUILD_REFERENCE,True,7,653063,KEEP_IN_PLACE,,
W2R-040,LEX_MACHINA_REFERENCIAS_AUDITORIA_CAUSAL_V132_V1,REFERENCIAS_V1,1029253,17,UNTRACKED,BLOQUEADO_POR_PROTECTED545,STILL_BLOCKED_PROTECTED545,HIGH,PROTECTED545;PATH_IDENTITY;DYNAMIC_DISCOVERY;UNIQUE_EVIDENCE;NOT_DECOUPLED,17,0,HISTORICAL_REFERENCE,True,16,359999,KEEP_IN_PLACE,,
W2R-041,LEX_MACHINA_REFERENCIAS_AUDITORIA_CONTRATO_ENGINE_V1,REFERENCIAS_V1,162521,10,UNTRACKED,BLOQUEADO_POR_PROTECTED545,STILL_BLOCKED_PROTECTED545,HIGH,PROTECTED545;PATH_IDENTITY;UNIQUE_EVIDENCE;NOT_DECOUPLED,10,0,HISTORICAL_REFERENCE,True,10,162521,KEEP_IN_PLACE,,
W2R-042,LEX_MACHINA_REFERENCIAS_AVALIACAO_J5_LOTE45_V1,REFERENCIAS_V1,165113,8,UNTRACKED,BLOQUEADO_POR_PROTECTED545,STILL_BLOCKED_PROTECTED545,HIGH,PROTECTED545;PATH_IDENTITY;UNIQUE_EVIDENCE;NOT_DECOUPLED,8,0,HISTORICAL_REFERENCE,True,8,165113,KEEP_IN_PLACE,,
W2R-043,LEX_MACHINA_REFERENCIAS_AVALIACAO_J5_LOTE45_V2_FINAL,REFERENCIAS_V1,590169,11,UNTRACKED,BLOQUEADO_POR_PROTECTED545,STILL_BLOCKED_PROTECTED545,HIGH,PROTECTED545;PATH_IDENTITY;DYNAMIC_DISCOVERY;UNIQUE_EVIDENCE;NOT_DECOUPLED,11,0,HISTORICAL_REFERENCE,True,11,590169,KEEP_IN_PLACE,,
W2R-044,LEX_MACHINA_REFERENCIAS_BENCHMARK_69_HUMANO_V1,REFERENCIAS_V1,669254,1,UNTRACKED,BLOQUEADO_POR_PROTECTED545,STILL_BLOCKED_PROTECTED545,HIGH,PROTECTED545;PATH_IDENTITY;DYNAMIC_DISCOVERY;ACTIVE_BUILD;NOT_DECOUPLED,1,0,ACTIVE_BUILD_REFERENCE,False,0,0,KEEP_IN_PLACE,,
W2R-045,LEX_MACHINA_REFERENCIAS_BENCHMARK_CF_V2,REFERENCIAS_V1,393760,9,UNTRACKED,BLOQUEADO_POR_PROTECTED545,STILL_BLOCKED_PROTECTED545,HIGH,PROTECTED545;PATH_IDENTITY;DYNAMIC_DISCOVERY;ACTIVE_BUILD;UNIQUE_EVIDENCE;NOT_DECOUPLED,9,0,ACTIVE_BUILD_REFERENCE,True,9,393760,KEEP_IN_PLACE,,
W2R-046,LEX_MACHINA_REFERENCIAS_CATALOGO_EXPANSAO_V1,REFERENCIAS_V1,127575,7,UNTRACKED,BLOQUEADO_POR_PROTECTED545,STILL_BLOCKED_PROTECTED545,HIGH,PROTECTED545;PATH_IDENTITY;UNIQUE_EVIDENCE;NOT_DECOUPLED,7,0,HISTORICAL_REFERENCE,True,7,127575,KEEP_IN_PLACE,,
W2R-047,LEX_MACHINA_REFERENCIAS_CATALOGO_LOTE_45_V1,REFERENCIAS_V1,316045,8,UNTRACKED,BLOQUEADO_POR_PROTECTED545,STILL_BLOCKED_PROTECTED545,HIGH,PROTECTED545;PATH_IDENTITY;UNIQUE_EVIDENCE;NOT_DECOUPLED,8,0,HISTORICAL_REFERENCE,True,8,316045,KEEP_IN_PLACE,,
W2R-048,LEX_MACHINA_REFERENCIAS_CATALOGO_LOTE_45_V2,REFERENCIAS_V1,413109,6,UNTRACKED,BLOQUEADO_POR_PROTECTED545,STILL_BLOCKED_PROTECTED545,HIGH,PROTECTED545;PATH_IDENTITY;DYNAMIC_DISCOVERY;ACTIVE_BUILD;UNIQUE_EVIDENCE;NOT_DECOUPLED,6,0,ACTIVE_BUILD_REFERENCE,True,6,413109,KEEP_IN_PLACE,,
W2R-049,LEX_MACHINA_REFERENCIAS_CF_ENGINE_RUN_V1,REFERENCIAS_V1,7965659,11,UNTRACKED,BLOQUEADO_POR_PROTECTED545,STILL_BLOCKED_PROTECTED545,HIGH,PROTECTED545;PATH_IDENTITY;DYNAMIC_DISCOVERY;ABSOLUTE_PATH;UNIQUE_EVIDENCE;NOT_DECOUPLED,11,0,HISTORICAL_REFERENCE,True,11,7965659,KEEP_IN_PLACE,,
W2R-050,LEX_MACHINA_REFERENCIAS_CF_J5,REFERENCIAS_V1,100385,6,UNTRACKED,BLOQUEADO_POR_PROTECTED545,STILL_BLOCKED_PROTECTED545,HIGH,PROTECTED545;PATH_IDENTITY;UNIQUE_EVIDENCE;NOT_DECOUPLED,6,0,HISTORICAL_REFERENCE,True,6,100385,KEEP_IN_PLACE,,
W2R-051,LEX_MACHINA_REFERENCIAS_CF_J5_1,REFERENCIAS_V1,81566,2,UNTRACKED,BLOQUEADO_POR_PROTECTED545,STILL_BLOCKED_PROTECTED545,HIGH,PROTECTED545;PATH_IDENTITY;UNIQUE_EVIDENCE;NOT_DECOUPLED,2,0,HISTORICAL_REFERENCE,True,2,81566,KEEP_IN_PLACE,,
W2R-052,LEX_MACHINA_REFERENCIAS_CF_REVISAO_ALTA_CONFIANCA_V1,REFERENCIAS_V1,503841,9,UNTRACKED,BLOQUEADO_POR_PROTECTED545,STILL_BLOCKED_PROTECTED545,HIGH,PROTECTED545;PATH_IDENTITY;DYNAMIC_DISCOVERY;UNIQUE_EVIDENCE;NOT_DECOUPLED,9,0,HISTORICAL_REFERENCE,True,9,503841,KEEP_IN_PLACE,,
W2R-053,LEX_MACHINA_REFERENCIAS_DIAGNOSTICO_NUCLEOS_V1,REFERENCIAS_V1,238381,8,UNTRACKED,BLOQUEADO_POR_PROTECTED545,STILL_BLOCKED_PROTECTED545,HIGH,PROTECTED545;PATH_IDENTITY;UNIQUE_EVIDENCE;NOT_DECOUPLED,8,0,HISTORICAL_REFERENCE,True,8,238381,KEEP_IN_PLACE,,
W2R-054,LEX_MACHINA_REFERENCIAS_ENGINE_V1,REFERENCIAS_V1,307228,18,UNTRACKED,BLOQUEADO_POR_PROTECTED545,STILL_BLOCKED_PROTECTED545,HIGH,PROTECTED545;PATH_IDENTITY;DYNAMIC_DISCOVERY;UNIQUE_EVIDENCE;NOT_DECOUPLED,18,0,HISTORICAL_REFERENCE,True,14,254530,KEEP_IN_PLACE,,
W2R-055,LEX_MACHINA_REFERENCIAS_ENGINE_V1_1,REFERENCIAS_V1,283371,21,UNTRACKED,BLOQUEADO_POR_PROTECTED545,STILL_BLOCKED_PROTECTED545,HIGH,PROTECTED545;PATH_IDENTITY;DYNAMIC_DISCOVERY;UNIQUE_EVIDENCE;NOT_DECOUPLED,21,0,HISTORICAL_REFERENCE,True,10,156641,KEEP_IN_PLACE,,
W2R-056,LEX_MACHINA_REFERENCIAS_ENGINE_V1_2,REFERENCIAS_V1,282107,31,UNTRACKED,BLOQUEADO_POR_PROTECTED545,STILL_BLOCKED_PROTECTED545,HIGH,PROTECTED545;PATH_IDENTITY;DYNAMIC_DISCOVERY;ABSOLUTE_PATH;ACTIVE_BUILD;UNIQUE_EVIDENCE;NOT_DECOUPLED,31,0,ACTIVE_BUILD_REFERENCE,True,20,155377,KEEP_IN_PLACE,,
W2R-057,LEX_MACHINA_REFERENCIAS_ENGINE_V1_3,REFERENCIAS_V1,705636,15,UNTRACKED,BLOQUEADO_POR_PROTECTED545,STILL_BLOCKED_PROTECTED545,HIGH,PROTECTED545;PATH_IDENTITY;DYNAMIC_DISCOVERY;ABSOLUTE_PATH;UNIQUE_EVIDENCE;NOT_DECOUPLED,15,0,HISTORICAL_REFERENCE,True,15,705636,KEEP_IN_PLACE,,
W2R-058,LEX_MACHINA_REFERENCIAS_ENGINE_V1_3_1,REFERENCIAS_V1,819539,15,UNTRACKED,BLOQUEADO_POR_PROTECTED545,STILL_BLOCKED_PROTECTED545,HIGH,PROTECTED545;PATH_IDENTITY;DYNAMIC_DISCOVERY;UNIQUE_EVIDENCE;NOT_DECOUPLED,15,0,HISTORICAL_REFERENCE,True,15,819539,KEEP_IN_PLACE,,
W2R-059,LEX_MACHINA_REFERENCIAS_ENGINE_V1_3_2,REFERENCIAS_V1,941487,17,UNTRACKED,BLOQUEADO_POR_PROTECTED545,STILL_BLOCKED_PROTECTED545,HIGH,PROTECTED545;PATH_IDENTITY;DYNAMIC_DISCOVERY;ACTIVE_BUILD;UNIQUE_EVIDENCE;NOT_DECOUPLED,17,0,ACTIVE_BUILD_REFERENCE,True,17,941487,KEEP_IN_PLACE,,
W2R-060,LEX_MACHINA_REFERENCIAS_ENGINE_V1_4_ALPHA,REFERENCIAS_V1,52129,7,UNTRACKED,BLOQUEADO_POR_PROTECTED545,STILL_BLOCKED_PROTECTED545,HIGH,PROTECTED545;PATH_IDENTITY;UNIQUE_EVIDENCE;NOT_DECOUPLED,7,0,HISTORICAL_REFERENCE,True,7,52129,KEEP_IN_PLACE,,
W2R-061,LEX_MACHINA_REFERENCIAS_ENGINE_V1_4_ALPHA2,REFERENCIAS_V1,45079,7,UNTRACKED,BLOQUEADO_POR_PROTECTED545,STILL_BLOCKED_PROTECTED545,HIGH,PROTECTED545;PATH_IDENTITY;ABSOLUTE_PATH;UNIQUE_EVIDENCE;NOT_DECOUPLED,7,0,HISTORICAL_REFERENCE,True,7,45079,KEEP_IN_PLACE,,
W2R-062,LEX_MACHINA_REFERENCIAS_ENGINE_V1_4_ALPHA3,REFERENCIAS_V1,35676,11,UNTRACKED,BLOQUEADO_POR_PROTECTED545,STILL_BLOCKED_PROTECTED545,HIGH,PROTECTED545;PATH_IDENTITY;ABSOLUTE_PATH;UNIQUE_EVIDENCE;NOT_DECOUPLED,11,0,HISTORICAL_REFERENCE,True,11,35676,KEEP_IN_PLACE,,
W2R-063,LEX_MACHINA_REFERENCIAS_EXPERIMENTO_24_VS_69_V1,REFERENCIAS_V1,27973403,16,UNTRACKED,BLOQUEADO_POR_PROTECTED545,STILL_BLOCKED_PROTECTED545,HIGH,PROTECTED545;PATH_IDENTITY;ABSOLUTE_PATH;UNIQUE_EVIDENCE;NOT_DECOUPLED,16,0,HISTORICAL_REFERENCE,True,16,27973403,KEEP_IN_PLACE,,
W2R-064,LEX_MACHINA_REFERENCIAS_FORCA_TEMA_LOTE45_V1_FINAL,REFERENCIAS_V1,664888,11,UNTRACKED,BLOQUEADO_POR_PROTECTED545,STILL_BLOCKED_PROTECTED545,HIGH,PROTECTED545;PATH_IDENTITY;DYNAMIC_DISCOVERY;UNIQUE_EVIDENCE;NOT_DECOUPLED,11,0,HISTORICAL_REFERENCE,True,11,664888,KEEP_IN_PLACE,,
W2R-065,LEX_MACHINA_REFERENCIAS_PREPARACAO_V14_ALPHA2,REFERENCIAS_V1,191835,11,UNTRACKED,BLOQUEADO_POR_PROTECTED545,STILL_BLOCKED_PROTECTED545,HIGH,PROTECTED545;PATH_IDENTITY;DYNAMIC_DISCOVERY;ACTIVE_BUILD;UNIQUE_EVIDENCE;NOT_DECOUPLED,11,0,ACTIVE_BUILD_REFERENCE,True,11,191835,KEEP_IN_PLACE,,
W2R-066,LEX_MACHINA_REFERENCIAS_REFINAMENTO_R7_V2,REFERENCIAS_V1,57922,8,UNTRACKED,BLOQUEADO_POR_PROTECTED545,STILL_BLOCKED_PROTECTED545,HIGH,PROTECTED545;PATH_IDENTITY;DYNAMIC_DISCOVERY;UNIQUE_EVIDENCE;NOT_DECOUPLED,8,0,HISTORICAL_REFERENCE,True,8,57922,KEEP_IN_PLACE,,
W2R-067,LEX_MACHINA_REFERENCIAS_TEMAS_LOTE45_V1,REFERENCIAS_V1,408005,9,UNTRACKED,BLOQUEADO_POR_PROTECTED545,STILL_BLOCKED_PROTECTED545,HIGH,PROTECTED545;PATH_IDENTITY;UNIQUE_EVIDENCE;NOT_DECOUPLED,9,0,HISTORICAL_REFERENCE,True,9,408005,KEEP_IN_PLACE,,
W2R-068,LEX_MACHINA_REFERENCIAS_TESTE_COMPLETO_ALPHA3_V1,REFERENCIAS_V1,8620157,14,UNTRACKED,BLOQUEADO_POR_PROTECTED545,STILL_BLOCKED_PROTECTED545,HIGH,PROTECTED545;PATH_IDENTITY;ACTIVE_BUILD;UNIQUE_EVIDENCE;NOT_DECOUPLED,14,0,ACTIVE_BUILD_REFERENCE,True,14,8620157,KEEP_IN_PLACE,,
W2R-069,LEX_MACHINA_REFERENCIAS_VALIDACAO_EXTERNA_R7_V1,REFERENCIAS_V1,154331,5,UNTRACKED,BLOQUEADO_POR_PROTECTED545,STILL_BLOCKED_PROTECTED545,HIGH,PROTECTED545;PATH_IDENTITY;UNIQUE_EVIDENCE;NOT_DECOUPLED,5,0,HISTORICAL_REFERENCE,True,5,154331,KEEP_IN_PLACE,,
W2R-070,LEX_MACHINA_REFERENCIAS_VALIDACAO_V14_ALPHA,REFERENCIAS_V1,917002,12,UNTRACKED,BLOQUEADO_POR_PROTECTED545,STILL_BLOCKED_PROTECTED545,HIGH,PROTECTED545;PATH_IDENTITY;DYNAMIC_DISCOVERY;UNIQUE_EVIDENCE;NOT_DECOUPLED,12,0,HISTORICAL_REFERENCE,True,12,917002,KEEP_IN_PLACE,,
W2R-071,LEX_MACHINA_REFERENCIAS_VALIDACAO_V14_ALPHA2,REFERENCIAS_V1,465601,8,UNTRACKED,BLOQUEADO_POR_PROTECTED545,STILL_BLOCKED_PROTECTED545,HIGH,PROTECTED545;PATH_IDENTITY;DYNAMIC_DISCOVERY;UNIQUE_EVIDENCE;NOT_DECOUPLED,8,0,HISTORICAL_REFERENCE,True,8,465601,KEEP_IN_PLACE,,
W2R-072,LEX_MACHINA_REFERENCIAS_VALIDACAO_V14_ALPHA3,REFERENCIAS_V1,415175,7,UNTRACKED,BLOQUEADO_POR_PROTECTED545,STILL_BLOCKED_PROTECTED545,HIGH,PROTECTED545;PATH_IDENTITY;DYNAMIC_DISCOVERY;ACTIVE_BUILD;UNIQUE_EVIDENCE;NOT_DECOUPLED,7,0,ACTIVE_BUILD_REFERENCE,True,7,415175,KEEP_IN_PLACE,,
W2R-073,LEX_MACHINA_UPDATER_BACKUP_V1_17-09-2026,BACKUPS_MANUAIS,456585722,4197,UNTRACKED,BLOQUEADO_POR_PROTECTED545,STILL_BLOCKED_PROTECTED545,HIGH,PROTECTED545;PATH_IDENTITY;IDX;DYNAMIC_DISCOVERY;ABSOLUTE_PATH;UNIQUE_EVIDENCE;NOT_DECOUPLED,9,9,HISTORICAL_REFERENCE,True,67,424637,KEEP_IN_PLACE,,
W2R-074,LEX_MACHINA_UPDATER_RELATIONS_V2,RELATIONS_VERSOES_ANTIGAS,223029243,1696,UNTRACKED,BLOQUEADO_POR_PROTECTED545,STILL_BLOCKED_PROTECTED545,HIGH,PROTECTED545;PATH_IDENTITY;IDX;DYNAMIC_DISCOVERY;ABSOLUTE_PATH;UNIQUE_EVIDENCE;NOT_DECOUPLED,9,9,HISTORICAL_REFERENCE,True,7,32589,KEEP_IN_PLACE,,
W2R-075,LEX_MACHINA_UPDATER_RELATIONS_V2_ETAPA2A,RELATIONS_VERSOES_ANTIGAS,252414298,1704,UNTRACKED,BLOQUEADO_POR_PROTECTED545,STILL_BLOCKED_PROTECTED545,HIGH,PROTECTED545;PATH_IDENTITY;IDX;DYNAMIC_DISCOVERY;ABSOLUTE_PATH;UNIQUE_EVIDENCE;NOT_DECOUPLED,9,9,HISTORICAL_REFERENCE,True,7,29379185,KEEP_IN_PLACE,,
W2R-076,updater_stage2a_corrigida_v2,UPDATER_ETAPAS,954305408,6911,UNTRACKED,BLOQUEADO_POR_PROTECTED545,STILL_BLOCKED_PROTECTED545,HIGH,PROTECTED545;PATH_IDENTITY;IDX;DYNAMIC_DISCOVERY;ABSOLUTE_PATH;UNIQUE_EVIDENCE;NOT_DECOUPLED,36,36,HISTORICAL_REFERENCE,True,54,61553240,KEEP_IN_PLACE,,
W2R-077,firmware/LEX MAQUINA INO 2,FIRMWARE_ANTIGO,914952,7,TRACKED_PARTIAL,BLOQUEADO_POR_PROTECTED545,STILL_BLOCKED_PROTECTED545,HIGH,PROTECTED545;PATH_IDENTITY;UNIQUE_EVIDENCE;PROVENANCE;NOT_DECOUPLED,7,0,HISTORICAL_REFERENCE,True,4,236401,KEEP_IN_PLACE,,
W2R-078,firmware/LEX_MACHINA_BACKUP_POS_CODEX_16-09,FIRMWARE_ANTIGO,831728,4,UNTRACKED,BLOQUEADO_POR_PROTECTED545,STILL_BLOCKED_PROTECTED545,HIGH,PROTECTED545;PATH_IDENTITY;UNIQUE_EVIDENCE;PROVENANCE;NOT_DECOUPLED,4,0,HISTORICAL_REFERENCE,True,1,155375,KEEP_IN_PLACE,,
W2R-079,firmware/LEX_MACHINA_v7.11.0_JURIS_CF_PILOTO,FIRMWARE_ANTIGO,882401,6,UNTRACKED,BLOQUEADO_POR_PROTECTED545,STILL_BLOCKED_PROTECTED545,HIGH,PROTECTED545;PATH_IDENTITY;UNIQUE_EVIDENCE;PROVENANCE;NOT_DECOUPLED,6,0,HISTORICAL_REFERENCE,True,3,203850,KEEP_IN_PLACE,,
W2R-080,firmware/LEX_MACHINA_v7.11.1_JURIS_CF_PILOTO,FIRMWARE_ANTIGO,890116,7,UNTRACKED,BLOQUEADO_POR_PROTECTED545,STILL_BLOCKED_PROTECTED545,HIGH,PROTECTED545;PATH_IDENTITY;UNIQUE_EVIDENCE;PROVENANCE;NOT_DECOUPLED,7,0,HISTORICAL_REFERENCE,True,3,204404,KEEP_IN_PLACE,,
W2R-081,firmware/LEX_MACHINA_v7.12.0_JURIS_CF_EXPANDIDA,FIRMWARE_ANTIGO,899028,9,TRACKED_PARTIAL,BLOQUEADO_POR_PROTECTED545,STILL_BLOCKED_PROTECTED545,HIGH,PROTECTED545;PATH_IDENTITY;UNIQUE_EVIDENCE;PROVENANCE;NOT_DECOUPLED,9,0,HISTORICAL_REFERENCE,True,5,213316,KEEP_IN_PLACE,,
