candidate_id,relative_path,family,lot,move_status,file_count,dir_count,size_bytes,pre_inventory_sha256,post_inventory_sha256,byte_identity_verified,archive_path,rollback_possible
W2R-005,LEX-MACHINAETAPA_2D10,UPDATER_ETAPAS,LOTE_2E_1_CADEIA_2D9_2D17,MOVED_VERIFIED,11,6,191937,d26af3a805a880ab2bb31915d61a7f14a454439a59941637f6c062277b363b5c,d26af3a805a880ab2bb31915d61a7f14a454439a59941637f6c062277b363b5c,True,C:\GitHub_LEX_MACHINA_ARCHIVE\2026-09-28-wave2\LEX-MACHINAETAPA_2D10,True
W2R-006,LEX-MACHINAETAPA_2D11,UPDATER_ETAPAS,LOTE_2E_1_CADEIA_2D9_2D17,MOVED_VERIFIED,12,6,222508,8ff043208b7e42cdf8eb596e99074c0e778b5c652a5a1cf94754862a17b3a57a,8ff043208b7e42cdf8eb596e99074c0e778b5c652a5a1cf94754862a17b3a57a,True,C:\GitHub_LEX_MACHINA_ARCHIVE\2026-09-28-wave2\LEX-MACHINAETAPA_2D11,True
W2R-007,LEX-MACHINAETAPA_2D12,UPDATER_ETAPAS,LOTE_2E_1_CADEIA_2D9_2D17,MOVED_VERIFIED,35,7,1127159,0d1a5a9a8dcb02ec8e8e44f6364ec07b003c3b52c95a3db8267038ca98abf556,0d1a5a9a8dcb02ec8e8e44f6364ec07b003c3b52c95a3db8267038ca98abf556,True,C:\GitHub_LEX_MACHINA_ARCHIVE\2026-09-28-wave2\LEX-MACHINAETAPA_2D12,True
W2R-008,LEX-MACHINAETAPA_2D13,UPDATER_ETAPAS,LOTE_2E_1_CADEIA_2D9_2D17,MOVED_VERIFIED,12,6,297192,243f41c16a3bdec536ada333054691f98cc2d3856fbb2460b978a6e2b539c35e,243f41c16a3bdec536ada333054691f98cc2d3856fbb2460b978a6e2b539c35e,True,C:\GitHub_LEX_MACHINA_ARCHIVE\2026-09-28-wave2\LEX-MACHINAETAPA_2D13,True
W2R-009,LEX-MACHINAETAPA_2D14,UPDATER_ETAPAS,LOTE_2E_1_CADEIA_2D9_2D17,MOVED_VERIFIED,12,6,317678,606f0f173fcd0c834e776d4b8224b945c39aaa9b4acc154649e7b2d5e0c5961e,606f0f173fcd0c834e776d4b8224b945c39aaa9b4acc154649e7b2d5e0c5961e,True,C:\GitHub_LEX_MACHINA_ARCHIVE\2026-09-28-wave2\LEX-MACHINAETAPA_2D14,True
W2R-010,LEX-MACHINAETAPA_2D15,UPDATER_ETAPAS,LOTE_2E_1_CADEIA_2D9_2D17,MOVED_VERIFIED,12,6,365122,e27c9ddea8ece1fbd95acc31d47979e9eaa0f40df73bc191a669d64c1fa98b9d,e27c9ddea8ece1fbd95acc31d47979e9eaa0f40df73bc191a669d64c1fa98b9d,True,C:\GitHub_LEX_MACHINA_ARCHIVE\2026-09-28-wave2\LEX-MACHINAETAPA_2D15,True
W2R-011,LEX-MACHINAETAPA_2D16,UPDATER_ETAPAS,LOTE_2E_1_CADEIA_2D9_2D17,MOVED_VERIFIED,11,6,352185,1749c583bad31a2f47ffd510a3f03af68b791daefcfbff1ba5350b270f6db33b,1749c583bad31a2f47ffd510a3f03af68b791daefcfbff1ba5350b270f6db33b,True,C:\GitHub_LEX_MACHINA_ARCHIVE\2026-09-28-wave2\LEX-MACHINAETAPA_2D16,True
W2R-012,LEX-MACHINAETAPA_2D17,UPDATER_ETAPAS,LOTE_2E_1_CADEIA_2D9_2D17,MOVED_VERIFIED,8,6,56208,b58a4552912255f32f37bf7fb9a46a99eb105572a4edc6e443edf4a2a792d65a,b58a4552912255f32f37bf7fb9a46a99eb105572a4edc6e443edf4a2a792d65a,True,C:\GitHub_LEX_MACHINA_ARCHIVE\2026-09-28-wave2\LEX-MACHINAETAPA_2D17,True
W2R-023,LEX-MACHINAETAPA_2D9,UPDATER_ETAPAS,LOTE_2E_1_CADEIA_2D9_2D17,MOVED_VERIFIED,36,8,2102330,729023850967577112d433a72aa5390410e03b5c894c545e05b7537730338879,729023850967577112d433a72aa5390410e03b5c894c545e05b7537730338879,True,C:\GitHub_LEX_MACHINA_ARCHIVE\2026-09-28-wave2\LEX-MACHINAETAPA_2D9,True
W2R-016,LEX-MACHINAETAPA_2D6,UPDATER_ETAPAS,LOTE_2E_2_CADEIA_2D6,MOVED_VERIFIED,10,6,55328,07f657d870f9b5befcad6cefb9f3658f6b0336614b57ca47b5fa296011897a97,07f657d870f9b5befcad6cefb9f3658f6b0336614b57ca47b5fa296011897a97,True,C:\GitHub_LEX_MACHINA_ARCHIVE\2026-09-28-wave2\LEX-MACHINAETAPA_2D6,True
W2R-018,LEX-MACHINAETAPA_2D6_2,UPDATER_ETAPAS,LOTE_2E_2_CADEIA_2D6,MOVED_VERIFIED,8,5,46578,58a38b93a16b2f49e42b2e3e4c28904b1c493d71942c335a74316f9dcea67595,58a38b93a16b2f49e42b2e3e4c28904b1c493d71942c335a74316f9dcea67595,True,C:\GitHub_LEX_MACHINA_ARCHIVE\2026-09-28-wave2\LEX-MACHINAETAPA_2D6_2,True
W2R-019,LEX-MACHINAETAPA_2D6_3,UPDATER_ETAPAS,LOTE_2E_2_CADEIA_2D6,MOVED_VERIFIED,8,5,48501,7ed13a9a1c877595c696165848cda6af6b07d9985356c651329d457da2be1a3d,7ed13a9a1c877595c696165848cda6af6b07d9985356c651329d457da2be1a3d,True,C:\GitHub_LEX_MACHINA_ARCHIVE\2026-09-28-wave2\LEX-MACHINAETAPA_2D6_3,True
W2R-024,LEX-MACHINAETAPA_2E,UPDATER_ETAPAS,LOTE_2E_3_CADEIA_2E_PRE_2E41,MOVED_VERIFIED,9,6,95971,e9bace7075437962c64b161344e56fe8362a019844e027e0fe630aee5e1ef88b,e9bace7075437962c64b161344e56fe8362a019844e027e0fe630aee5e1ef88b,True,C:\GitHub_LEX_MACHINA_ARCHIVE\2026-09-28-wave2\LEX-MACHINAETAPA_2E,True
W2R-025,LEX-MACHINAETAPA_2E1,UPDATER_ETAPAS,LOTE_2E_3_CADEIA_2E_PRE_2E41,MOVED_VERIFIED,10,6,120570,ad04bba501ec06dc4e42b2e7d4d7b21a22989c1535bfd2ec0574daface2444ac,ad04bba501ec06dc4e42b2e7d4d7b21a22989c1535bfd2ec0574daface2444ac,True,C:\GitHub_LEX_MACHINA_ARCHIVE\2026-09-28-wave2\LEX-MACHINAETAPA_2E1,True
W2R-026,LEX-MACHINAETAPA_2E2,UPDATER_ETAPAS,LOTE_2E_3_CADEIA_2E_PRE_2E41,MOVED_VERIFIED,29,27,737743,109b91b246867c48049ede759659da6741f10ca2e3933407121e8e56f2c4836d,109b91b246867c48049ede759659da6741f10ca2e3933407121e8e56f2c4836d,True,C:\GitHub_LEX_MACHINA_ARCHIVE\2026-09-28-wave2\LEX-MACHINAETAPA_2E2,True
W2R-027,LEX-MACHINAETAPA_2E3,UPDATER_ETAPAS,LOTE_2E_3_CADEIA_2E_PRE_2E41,MOVED_VERIFIED,25,23,683641,dc3c174ecf6bcd98ed582dcb0112cb9ea15e53780c3ffb62f54b46bf212c807d,dc3c174ecf6bcd98ed582dcb0112cb9ea15e53780c3ffb62f54b46bf212c807d,True,C:\GitHub_LEX_MACHINA_ARCHIVE\2026-09-28-wave2\LEX-MACHINAETAPA_2E3,True
W2R-028,LEX-MACHINAETAPA_2E31,UPDATER_ETAPAS,LOTE_2E_3_CADEIA_2E_PRE_2E41,MOVED_VERIFIED,29,27,743503,c8fe957f7b3ad82209573b4a6b9b1e65d01687bcfad258ec71b431cff4f3c176,c8fe957f7b3ad82209573b4a6b9b1e65d01687bcfad258ec71b431cff4f3c176,True,C:\GitHub_LEX_MACHINA_ARCHIVE\2026-09-28-wave2\LEX-MACHINAETAPA_2E31,True
W2R-029,LEX-MACHINAETAPA_2E4,UPDATER_ETAPAS,LOTE_2E_3_CADEIA_2E_PRE_2E41,DEFERRED_BY_PRIOR_HUMAN_HOLD,,,,,,,C:\GitHub_LEX_MACHINA_ARCHIVE\2026-09-28-wave2\LEX-MACHINAETAPA_2E4,
